branch	name	FractionOverlaps	event	final_name
internal_1	chr1q	1.0	gain	1q +
internal_1	chr2	0.9998761279868877	gain	2 +
internal_1	chr9	0.9908615153279298	gain	9 +
internal_1	chr10p	0.9969848994974875	gain	10p +
internal_1	chr12	0.9986494047445803	gain	12 +
internal_1	chr14q	0.9667199770160892	gain	14q +
internal_1	chr16	0.9969188499080872	gain	16 +
internal_1	chr19q	0.9880430442510023	gain	19q +
internal_1	chr20	0.9752628038469331	gain	20 +
internal_1	TBX15	1.0	gain	TBX15 +
internal_1	ZNF697	1.0	gain	ZNF697 +
internal_1	PHGDH	1.0	gain	PHGDH +
internal_1	NOTCH2	1.0	gain	NOTCH2 +
internal_1	NBPF10	1.0	gain	NBPF10 +
internal_1	NOTCH2NL	1.0	gain	NOTCH2NL +
internal_1	BCL9	1.0	gain	BCL9 +
internal_1	NBPF9	1.0	gain	NBPF9 +
internal_1	HIST2H2BF	1.0	gain	HIST2H2BF +
internal_1	CTSK	1.0	gain	CTSK +
internal_1	SETDB1	1.0	gain	SETDB1 +
internal_1	MLLT11	1.0	gain	MLLT11 +
internal_1	ZNF687	1.0	gain	ZNF687 +
internal_1	POGZ	1.0	gain	POGZ +
internal_1	RPTN	1.0	gain	RPTN +
internal_1	LCE5A	1.0	gain	LCE5A +
internal_1	LCE2D	1.0	gain	LCE2D +
internal_1	C1orf68	1.0	gain	C1orf68 +
internal_1	LELP1	1.0	gain	LELP1 +
internal_1	S100A8	1.0	gain	S100A8 +
internal_1	RAB13	1.0	gain	RAB13 +
internal_1	CHRNB2	1.0	gain	CHRNB2 +
internal_1	PYGO2	1.0	gain	PYGO2 +
internal_1	EFNA4	1.0	gain	EFNA4 +
internal_1	MTX1	1.0	gain	MTX1 +
internal_1	ASH1L	1.0	gain	ASH1L +
internal_1	RIT1	1.0	gain	RIT1 +
internal_1	KIAA0907	1.0	gain	KIAA0907 +
internal_1	MRPL24	1.0	gain	MRPL24 +
internal_1	ETV3	1.0	gain	ETV3 +
internal_1	CD5L	1.0	gain	CD5L +
internal_1	KIRREL	1.0	gain	KIRREL +
internal_1	CD1D	1.0	gain	CD1D +
internal_1	CD1A	1.0	gain	CD1A +
internal_1	SPTA1	1.0	gain	SPTA1 +
internal_1	KCNJ9	1.0	gain	KCNJ9 +
internal_1	ATP1A2	1.0	gain	ATP1A2 +
internal_1	ATP1A4	1.0	gain	ATP1A4 +
internal_1	VANGL2	1.0	gain	VANGL2 +
internal_1	CD84	1.0	gain	CD84 +
internal_1	SLAMF1	1.0	gain	SLAMF1 +
internal_1	NIT1	1.0	gain	NIT1 +
internal_1	MPZ	1.0	gain	MPZ +
internal_1	NUF2	1.0	gain	NUF2 +
internal_1	RXRG	1.0	gain	RXRG +
internal_1	BLZF1	1.0	gain	BLZF1 +
internal_1	SELP	1.0	gain	SELP +
internal_1	PRRX1	1.0	gain	PRRX1 +
internal_1	PRRC2C	1.0	gain	PRRC2C +
internal_1	ZBTB37	1.0	gain	ZBTB37 +
internal_1	ASTN1	1.0	gain	ASTN1 +
internal_1	RASAL2	1.0	gain	RASAL2 +
internal_1	ABL2	1.0	gain	ABL2 +
internal_1	TOR1AIP1	1.0	gain	TOR1AIP1 +
internal_1	XPR1	1.0	gain	XPR1 +
internal_1	MR1	1.0	gain	MR1 +
internal_1	CACNA1E	1.0	gain	CACNA1E +
internal_1	RNF2	1.0	gain	RNF2 +
internal_1	IVNS1ABP	1.0	gain	IVNS1ABP +
internal_1	HMCN1	1.0	gain	HMCN1 +
internal_1	CDC73	1.0	gain	CDC73 +
internal_1	B3GALT2	1.0	gain	B3GALT2 +
internal_1	KCNT2	1.0	gain	KCNT2 +
internal_1	CFHR4	1.0	gain	CFHR4 +
internal_1	C1orf53	1.0	gain	C1orf53 +
internal_1	IGFN1	1.0	gain	IGFN1 +
internal_1	ELF3	1.0	gain	ELF3 +
internal_1	UBE2T	1.0	gain	UBE2T +
internal_1	PPP1R12B	1.0	gain	PPP1R12B +
internal_1	PPFIA4	1.0	gain	PPFIA4 +
internal_1	PLEKHA6	1.0	gain	PLEKHA6 +
internal_1	NFASC	1.0	gain	NFASC +
internal_1	NUCKS1	1.0	gain	NUCKS1 +
internal_1	AVPR1B	1.0	gain	AVPR1B +
internal_1	CR1	1.0	gain	CR1 +
internal_1	PLXNA2	1.0	gain	PLXNA2 +
internal_1	IRF6	1.0	gain	IRF6 +
internal_1	SLC30A1	1.0	gain	SLC30A1 +
internal_1	INTS7	1.0	gain	INTS7 +
internal_1	NENF	1.0	gain	NENF +
internal_1	BATF3	1.0	gain	BATF3 +
internal_1	GPATCH2	1.0	gain	GPATCH2 +
internal_1	SPATA17	1.0	gain	SPATA17 +
internal_1	CAPN2	1.0	gain	CAPN2 +
internal_1	ENAH	1.0	gain	ENAH +
internal_1	TMEM63A	1.0	gain	TMEM63A +
internal_1	ACBD3	1.0	gain	ACBD3 +
internal_1	LIN9	1.0	gain	LIN9 +
internal_1	ZNF678	1.0	gain	ZNF678 +
internal_1	TRIM67	1.0	gain	TRIM67 +
internal_1	IRF2BP2	1.0	gain	IRF2BP2 +
internal_1	ARID4B	1.0	gain	ARID4B +
internal_1	GNG4	1.0	gain	GNG4 +
internal_1	GPR137B	1.0	gain	GPR137B +
internal_1	RYR2	1.0	gain	RYR2 +
internal_1	RGS7	1.0	gain	RGS7 +
internal_1	ZBTB18	1.0	gain	ZBTB18 +
internal_1	SCCPDH	1.0	gain	SCCPDH +
internal_1	OR2T35	1.0	gain	OR2T35 +
internal_1	MBOAT2	1.0	gain	MBOAT2 +
internal_1	IAH1	1.0	gain	IAH1 +
internal_1	TAF1B	1.0	gain	TAF1B +
internal_1	MYCN	1.0	gain	MYCN +
internal_1	GEN1	1.0	gain	GEN1 +
internal_1	PUM2	1.0	gain	PUM2 +
internal_1	DNMT3A	1.0	gain	DNMT3A +
internal_1	ASXL2	1.0	gain	ASXL2 +
internal_1	IFT172	1.0	gain	IFT172 +
internal_1	BRE	1.0	gain	BRE +
internal_1	FOSL2	1.0	gain	FOSL2 +
internal_1	ALK	1.0	gain	ALK +
internal_1	YIPF4	1.0	gain	YIPF4 +
internal_1	BIRC6	1.0	gain	BIRC6 +
internal_1	RASGRP3	1.0	gain	RASGRP3 +
internal_1	CRIM1	1.0	gain	CRIM1 +
internal_1	FEZ2	1.0	gain	FEZ2 +
internal_1	ARHGEF33	1.0	gain	ARHGEF33 +
internal_1	SOS1	1.0	gain	SOS1 +
internal_1	MAP4K3	1.0	gain	MAP4K3 +
internal_1	SLC8A1	1.0	gain	SLC8A1 +
internal_1	EML4	1.0	gain	EML4 +
internal_1	ZFP36L2	1.0	gain	ZFP36L2 +
internal_1	LRPPRC	1.0	gain	LRPPRC +
internal_1	PRKCE	1.0	gain	PRKCE +
internal_1	SOCS5	1.0	gain	SOCS5 +
internal_1	MSH2	1.0	gain	MSH2 +
internal_1	PPP1R21	1.0	gain	PPP1R21 +
internal_1	LHCGR	1.0	gain	LHCGR +
internal_1	CCDC88A	1.0	gain	CCDC88A +
internal_1	UGP2	1.0	gain	UGP2 +
internal_1	SPRED2	1.0	gain	SPRED2 +
internal_1	PCBP1	1.0	gain	PCBP1 +
internal_1	TGFA	1.0	gain	TGFA +
internal_1	WBP1	1.0	gain	WBP1 +
internal_1	HK2	1.0	gain	HK2 +
internal_1	TACR1	1.0	gain	TACR1 +
internal_1	REG1A	1.0	gain	REG1A +
internal_1	KCMF1	1.0	gain	KCMF1 +
internal_1	KDM3A	1.0	gain	KDM3A +
internal_1	RNF103	1.0	gain	RNF103 +
internal_1	EIF2AK3	1.0	gain	EIF2AK3 +
internal_1	RPIA	1.0	gain	RPIA +
internal_1	TMEM131	1.0	gain	TMEM131 +
internal_1	INPP4A	1.0	gain	INPP4A +
internal_1	TSGA10	1.0	gain	TSGA10 +
internal_1	LONRF2	1.0	gain	LONRF2 +
internal_1	MAP4K4	1.0	gain	MAP4K4 +
internal_1	RGPD3	1.0	gain	RGPD3 +
internal_1	ST6GAL2	1.0	gain	ST6GAL2 +
internal_1	RGPD4	1.0	gain	RGPD4 +
internal_1	SULT1C3	1.0	gain	SULT1C3 +
internal_1	SULT1C4	1.0	gain	SULT1C4 +
internal_1	GCC2	1.0	gain	GCC2 +
internal_1	BCL2L11	1.0	gain	BCL2L11 +
internal_1	ANAPC1	1.0	gain	ANAPC1 +
internal_1	IL36G	1.0	gain	IL36G +
internal_1	MARCO	1.0	gain	MARCO +
internal_1	ERCC3	1.0	gain	ERCC3 +
internal_1	IWS1	1.0	gain	IWS1 +
internal_1	WDR33	1.0	gain	WDR33 +
internal_1	HS6ST1	1.0	gain	HS6ST1 +
internal_1	MGAT5	1.0	gain	MGAT5 +
internal_1	RAB3GAP1	1.0	gain	RAB3GAP1 +
internal_1	ACVR2A	1.0	gain	ACVR2A +
internal_1	CACNB4	1.0	gain	CACNB4 +
internal_1	PRPF40A	1.0	gain	PRPF40A +
internal_1	NR4A2	1.0	gain	NR4A2 +
internal_1	PKP4	1.0	gain	PKP4 +
internal_1	BAZ2B	1.0	gain	BAZ2B +
internal_1	TBR1	1.0	gain	TBR1 +
internal_1	SCN3A	1.0	gain	SCN3A +
internal_1	LRP2	1.0	gain	LRP2 +
internal_1	CYBRD1	1.0	gain	CYBRD1 +
internal_1	SP3	1.0	gain	SP3 +
internal_1	SCRN3	1.0	gain	SCRN3 +
internal_1	WIPF1	1.0	gain	WIPF1 +
internal_1	HOXD9	1.0	gain	HOXD9 +
internal_1	NFE2L2	1.0	gain	NFE2L2 +
internal_1	OSBPL6	1.0	gain	OSBPL6 +
internal_1	PRKRA	1.0	gain	PRKRA +
internal_1	SESTD1	1.0	gain	SESTD1 +
internal_1	FSIP2	1.0	gain	FSIP2 +
internal_1	COL3A1	1.0	gain	COL3A1 +
internal_1	COL5A2	1.0	gain	COL5A2 +
internal_1	MYO1B	1.0	gain	MYO1B +
internal_1	HECW2	1.0	gain	HECW2 +
internal_1	ANKRD44	1.0	gain	ANKRD44 +
internal_1	SF3B1	1.0	gain	SF3B1 +
internal_1	PLCL1	1.0	gain	PLCL1 +
internal_1	SATB2	1.0	gain	SATB2 +
internal_1	CASP8	1.0	gain	CASP8 +
internal_1	BMPR2	1.0	gain	BMPR2 +
internal_1	PARD3B	1.0	gain	PARD3B +
internal_1	NRP2	1.0	gain	NRP2 +
internal_1	EEF1B2	1.0	gain	EEF1B2 +
internal_1	ADAM23	1.0	gain	ADAM23 +
internal_1	PLEKHM3	1.0	gain	PLEKHM3 +
internal_1	IDH1	1.0	gain	IDH1 +
internal_1	KANSL1L	1.0	gain	KANSL1L +
internal_1	CPS1	1.0	gain	CPS1 +
internal_1	ERBB4	1.0	gain	ERBB4 +
internal_1	FN1	1.0	gain	FN1 +
internal_1	AAMP	1.0	gain	AAMP +
internal_1	ZNF142	1.0	gain	ZNF142 +
internal_1	PRKAG3	1.0	gain	PRKAG3 +
internal_1	ABCB6	1.0	gain	ABCB6 +
internal_1	STK16	1.0	gain	STK16 +
internal_1	OBSL1	1.0	gain	OBSL1 +
internal_1	EPHA4	1.0	gain	EPHA4 +
internal_1	PAX3	1.0	gain	PAX3 +
internal_1	CUL3	1.0	gain	CUL3 +
internal_1	MFF	1.0	gain	MFF +
internal_1	DNER	1.0	gain	DNER +
internal_1	TRIP12	1.0	gain	TRIP12 +
internal_1	ITM2C	1.0	gain	ITM2C +
internal_1	GIGYF2	1.0	gain	GIGYF2 +
internal_1	ATG16L1	1.0	gain	ATG16L1 +
internal_1	ING5	1.0	gain	ING5 +
internal_1	GOLIM4	1.0	gain	GOLIM4 +
internal_1	MECOM	1.0	gain	MECOM +
internal_1	PHC3	1.0	gain	PHC3 +
internal_1	PRKCI	1.0	gain	PRKCI +
internal_1	EIF5A2	1.0	gain	EIF5A2 +
internal_1	TNIK	1.0	gain	TNIK +
internal_1	NAALADL2	1.0	gain	NAALADL2 +
internal_1	TBL1XR1	1.0	gain	TBL1XR1 +
internal_1	KCNMB2	1.0	gain	KCNMB2 +
internal_1	PIK3CA	1.0	gain	PIK3CA +
internal_1	GNB4	1.0	gain	GNB4 +
internal_1	CCDC39	1.0	gain	CCDC39 +
internal_1	FXR1	1.0	gain	FXR1 +
internal_1	B3GNT5	1.0	gain	B3GNT5 +
internal_1	CHRD	1.0	gain	CHRD +
internal_1	MAP3K13	1.0	gain	MAP3K13 +
internal_1	TRA2B	1.0	gain	TRA2B +
internal_1	RTP1	1.0	gain	RTP1 +
internal_1	OSTN	1.0	gain	OSTN +
internal_1	MB21D2	1.0	gain	MB21D2 +
internal_1	HRASLS	1.0	gain	HRASLS +
internal_1	MUC20	1.0	gain	MUC20 +
internal_1	DLG1	1.0	gain	DLG1 +
internal_1	PDE10A	1.0	gain	PDE10A +
internal_1	MLLT4	1.0	gain	MLLT4 +
internal_1	KIF25	1.0	gain	KIF25 +
internal_1	SMOC2	1.0	gain	SMOC2 +
internal_1	C7orf50	1.0	gain	C7orf50 +
internal_1	UNCX	1.0	gain	UNCX +
internal_1	NUDT1	1.0	gain	NUDT1 +
internal_1	SDK1	1.0	gain	SDK1 +
internal_1	FOXK1	1.0	gain	FOXK1 +
internal_1	TNRC18	1.0	gain	TNRC18 +
internal_1	RAC1	1.0	gain	RAC1 +
internal_1	ZNF12	1.0	gain	ZNF12 +
internal_1	PHF14	1.0	gain	PHF14 +
internal_1	ETV1	1.0	gain	ETV1 +
internal_1	BZW2	1.0	gain	BZW2 +
internal_1	AHR	1.0	gain	AHR +
internal_1	CDCA7L	1.0	gain	CDCA7L +
internal_1	STEAP1B	1.0	gain	STEAP1B +
internal_1	NFE2L3	1.0	gain	NFE2L3 +
internal_1	SKAP2	1.0	gain	SKAP2 +
internal_1	NUP205	1.0	gain	NUP205 +
internal_1	FAM180A	1.0	gain	FAM180A +
internal_1	PTN	1.0	gain	PTN +
internal_1	DGKI	1.0	gain	DGKI +
internal_1	ATP6V0A4	1.0	gain	ATP6V0A4 +
internal_1	UBN2	1.0	gain	UBN2 +
internal_1	LUC7L2	1.0	gain	LUC7L2 +
internal_1	MKRN1	1.0	gain	MKRN1 +
internal_1	BRAF	1.0	gain	BRAF +
internal_1	TRPV5	1.0	gain	TRPV5 +
internal_1	OR9A2	1.0	gain	OR9A2 +
internal_1	CLCN1	1.0	gain	CLCN1 +
internal_1	TPK1	1.0	gain	TPK1 +
internal_1	CUL1	1.0	gain	CUL1 +
internal_1	EZH2	1.0	gain	EZH2 +
internal_1	CHPF2	1.0	gain	CHPF2 +
internal_1	KMT2C	1.0	gain	KMT2C +
internal_1	CNPY1	1.0	gain	CNPY1 +
internal_1	SMARCA2	1.0	gain	SMARCA2 +
internal_1	MLANA	1.0	gain	MLANA +
internal_1	TYRP1	1.0	gain	TYRP1 +
internal_1	PSIP1	1.0	gain	PSIP1 +
internal_1	CCDC171	1.0	gain	CCDC171 +
internal_1	BNC2	1.0	gain	BNC2 +
internal_1	CNTLN	1.0	gain	CNTLN +
internal_1	HAUS6	1.0	gain	HAUS6 +
internal_1	DENND4C	1.0	gain	DENND4C +
internal_1	IFNA10	1.0	gain	IFNA10 +
internal_1	CDKN2A	1.0	gain	CDKN2A +
internal_1	TEK	1.0	gain	TEK +
internal_1	LINGO2	1.0	gain	LINGO2 +
internal_1	TAF1L	1.0	gain	TAF1L +
internal_1	DNAJB5	1.0	gain	DNAJB5 +
internal_1	STOML2	1.0	gain	STOML2 +
internal_1	RECK	1.0	gain	RECK +
internal_1	SLC25A51	1.0	gain	SLC25A51 +
internal_1	SHB	1.0	gain	SHB +
internal_1	ZNF658	1.0	gain	ZNF658 +
internal_1	PGM5	1.0	gain	PGM5 +
internal_1	TJP2	1.0	gain	TJP2 +
internal_1	VPS13A	1.0	gain	VPS13A +
internal_1	NTRK2	1.0	gain	NTRK2 +
internal_1	DIRAS2	1.0	gain	DIRAS2 +
internal_1	PTPDC1	1.0	gain	PTPDC1 +
internal_1	NUTM2F	1.0	gain	NUTM2F +
internal_1	PTCH1	1.0	gain	PTCH1 +
internal_1	ZNF367	1.0	gain	ZNF367 +
internal_1	ALDOB	1.0	gain	ALDOB +
internal_1	KLF4	1.0	gain	KLF4 +
internal_1	PTPN3	1.0	gain	PTPN3 +
internal_1	PALM2	1.0	gain	PALM2 +
internal_1	LPAR1	1.0	gain	LPAR1 +
internal_1	OR2K2	1.0	gain	OR2K2 +
internal_1	NDUFA8	1.0	gain	NDUFA8 +
internal_1	RC3H2	1.0	gain	RC3H2 +
internal_1	NR6A1	1.0	gain	NR6A1 +
internal_1	PPP6C	1.0	gain	PPP6C +
internal_1	GAPVD1	1.0	gain	GAPVD1 +
internal_1	STXBP1	1.0	gain	STXBP1 +
internal_1	LCN2	1.0	gain	LCN2 +
internal_1	CIZ1	1.0	gain	CIZ1 +
internal_1	SPTAN1	1.0	gain	SPTAN1 +
internal_1	SH3GLB2	1.0	gain	SH3GLB2 +
internal_1	TOR1A	1.0	gain	TOR1A +
internal_1	GPR107	1.0	gain	GPR107 +
internal_1	FUBP3	1.0	gain	FUBP3 +
internal_1	AK8	1.0	gain	AK8 +
internal_1	GFI1B	1.0	gain	GFI1B +
internal_1	CEL	1.0	gain	CEL +
internal_1	COL5A1	1.0	gain	COL5A1 +
internal_1	NOTCH1	1.0	gain	NOTCH1 +
internal_1	RABL6	1.0	gain	RABL6 +
internal_1	DIP2C	1.0	gain	DIP2C +
internal_1	LARP4B	1.0	gain	LARP4B +
internal_1	AKR1C2	1.0	gain	AKR1C2 +
internal_1	SFMBT2	1.0	gain	SFMBT2 +
internal_1	ITIH5	1.0	gain	ITIH5 +
internal_1	TAF3	1.0	gain	TAF3 +
internal_1	GATA3	1.0	gain	GATA3 +
internal_1	UPF2	1.0	gain	UPF2 +
internal_1	DHTKD1	1.0	gain	DHTKD1 +
internal_1	PTER	1.0	gain	PTER +
internal_1	VIM	1.0	gain	VIM +
internal_1	ST8SIA6	1.0	gain	ST8SIA6 +
internal_1	CACNB2	1.0	gain	CACNB2 +
internal_1	MLLT10	1.0	gain	MLLT10 +
internal_1	DNAJC1	1.0	gain	DNAJC1 +
internal_1	MYO3A	1.0	gain	MYO3A +
internal_1	ABI1	1.0	gain	ABI1 +
internal_1	WAC	1.0	gain	WAC +
internal_1	BAMBI	1.0	gain	BAMBI +
internal_1	ZEB1	1.0	gain	ZEB1 +
internal_1	ARHGAP12	1.0	gain	ARHGAP12 +
internal_1	CUL2	1.0	gain	CUL2 +
internal_1	ZNF485	1.0	gain	ZNF485 +
internal_1	ZNF32	1.0	gain	ZNF32 +
internal_1	C10orf25	1.0	gain	C10orf25 +
internal_1	MARCH8	1.0	gain	MARCH8 +
internal_1	GRID1	1.0	gain	GRID1 +
internal_1	ATAD1	1.0	gain	ATAD1 +
internal_1	PTEN	1.0	gain	PTEN +
internal_1	FAS	1.0	gain	FAS +
internal_1	KIF20B	1.0	gain	KIF20B +
internal_1	IFITM1	1.0	gain	IFITM1 +
internal_1	HRAS	1.0	gain	HRAS +
internal_1	RASSF7	1.0	gain	RASSF7 +
internal_1	RRAS2	1.0	gain	RRAS2 +
internal_1	COPB1	1.0	gain	COPB1 +
internal_1	PDE3B	1.0	gain	PDE3B +
internal_1	SOX6	1.0	gain	SOX6 +
internal_1	TSG101	1.0	gain	TSG101 +
internal_1	SPTY2D1	1.0	gain	SPTY2D1 +
internal_1	ZDHHC13	1.0	gain	ZDHHC13 +
internal_1	E2F8	1.0	gain	E2F8 +
internal_1	NELL1	1.0	gain	NELL1 +
internal_1	ANO3	1.0	gain	ANO3 +
internal_1	DNAJC24	1.0	gain	DNAJC24 +
internal_1	WT1	1.0	gain	WT1 +
internal_1	QSER1	1.0	gain	QSER1 +
internal_1	API5	1.0	gain	API5 +
internal_1	C11orf94	1.0	gain	C11orf94 +
internal_1	AMBRA1	1.0	gain	AMBRA1 +
internal_1	KBTBD4	1.0	gain	KBTBD4 +
internal_1	TRIM48	1.0	gain	TRIM48 +
internal_1	OR5I1	1.0	gain	OR5I1 +
internal_1	OR5M3	1.0	gain	OR5M3 +
internal_1	CTNND1	1.0	gain	CTNND1 +
internal_1	STX3	1.0	gain	STX3 +
internal_1	MS4A8	1.0	gain	MS4A8 +
internal_1	EML3	1.0	gain	EML3 +
internal_1	GNG3	1.0	gain	GNG3 +
internal_1	HNRNPUL2	1.0	gain	HNRNPUL2 +
internal_1	STX5	1.0	gain	STX5 +
internal_1	RTN3	1.0	gain	RTN3 +
internal_1	MARK2	1.0	gain	MARK2 +
internal_1	RCOR2	1.0	gain	RCOR2 +
internal_1	STIP1	1.0	gain	STIP1 +
internal_1	VEGFB	1.0	gain	VEGFB +
internal_1	PLCB3	1.0	gain	PLCB3 +
internal_1	NRXN2	1.0	gain	NRXN2 +
internal_1	SF1	1.0	gain	SF1 +
internal_1	MEN1	1.0	gain	MEN1 +
internal_1	MRPL49	1.0	gain	MRPL49 +
internal_1	POLA2	1.0	gain	POLA2 +
internal_1	FIBP	1.0	gain	FIBP +
internal_1	BRMS1	1.0	gain	BRMS1 +
internal_1	CTSF	1.0	gain	CTSF +
internal_1	LRFN4	1.0	gain	LRFN4 +
internal_1	TBC1D10C	1.0	gain	TBC1D10C +
internal_1	MTL5	1.0	gain	MTL5 +
internal_1	ANO1	1.0	gain	ANO1 +
internal_1	DHCR7	1.0	gain	DHCR7 +
internal_1	INPPL1	1.0	gain	INPPL1 +
internal_1	DNAJB13	1.0	gain	DNAJB13 +
internal_1	POLD3	1.0	gain	POLD3 +
internal_1	UVRAG	1.0	gain	UVRAG +
internal_1	WNT11	1.0	gain	WNT11 +
internal_1	CAPN5	1.0	gain	CAPN5 +
internal_1	INTS4	1.0	gain	INTS4 +
internal_1	NDUFC2	1.0	gain	NDUFC2 +
internal_1	DLG2	1.0	gain	DLG2 +
internal_1	GRM5	1.0	gain	GRM5 +
internal_1	ITFG2	1.0	gain	ITFG2 +
internal_1	NDUFA9	1.0	gain	NDUFA9 +
internal_1	VAMP1	1.0	gain	VAMP1 +
internal_1	CHD4	1.0	gain	CHD4 +
internal_1	SPSB2	1.0	gain	SPSB2 +
internal_1	ENO2	1.0	gain	ENO2 +
internal_1	EMG1	1.0	gain	EMG1 +
internal_1	CD163	1.0	gain	CD163 +
internal_1	CLEC4C	1.0	gain	CLEC4C +
internal_1	AICDA	1.0	gain	AICDA +
internal_1	MFAP5	1.0	gain	MFAP5 +
internal_1	KLRG1	1.0	gain	KLRG1 +
internal_1	KLRC2	1.0	gain	KLRC2 +
internal_1	PRB3	1.0	gain	PRB3 +
internal_1	ETV6	1.0	gain	ETV6 +
internal_1	LRP6	1.0	gain	LRP6 +
internal_1	MANSC1	1.0	gain	MANSC1 +
internal_1	DUSP16	1.0	gain	DUSP16 +
internal_1	CDKN1B	1.0	gain	CDKN1B +
internal_1	ATF7IP	1.0	gain	ATF7IP +
internal_1	MGST1	1.0	gain	MGST1 +
internal_1	RECQL	1.0	gain	RECQL +
internal_1	ABCC9	1.0	gain	ABCC9 +
internal_1	CMAS	1.0	gain	CMAS +
internal_1	C2CD5	1.0	gain	C2CD5 +
internal_1	SOX5	1.0	gain	SOX5 +
internal_1	KRAS	1.0	gain	KRAS +
internal_1	ITPR2	1.0	gain	ITPR2 +
internal_1	CAPRIN2	1.0	gain	CAPRIN2 +
internal_1	DNM1L	1.0	gain	DNM1L +
internal_1	ADAMTS20	1.0	gain	ADAMTS20 +
internal_1	TMEM117	1.0	gain	TMEM117 +
internal_1	NELL2	1.0	gain	NELL2 +
internal_1	ARID2	1.0	gain	ARID2 +
internal_1	SCAF11	1.0	gain	SCAF11 +
internal_1	WNT1	1.0	gain	WNT1 +
internal_1	KMT2D	1.0	gain	KMT2D +
internal_1	TUBA1B	1.0	gain	TUBA1B +
internal_1	SPATS2	1.0	gain	SPATS2 +
internal_1	MCRS1	1.0	gain	MCRS1 +
internal_1	FMNL3	1.0	gain	FMNL3 +
internal_1	AQP2	1.0	gain	AQP2 +
internal_1	BIN2	1.0	gain	BIN2 +
internal_1	ACVR1B	1.0	gain	ACVR1B +
internal_1	KRT84	1.0	gain	KRT84 +
internal_1	C12orf10	1.0	gain	C12orf10 +
internal_1	PCBP2	1.0	gain	PCBP2 +
internal_1	NFE2	1.0	gain	NFE2 +
internal_1	PDE1B	1.0	gain	PDE1B +
internal_1	GDF11	1.0	gain	GDF11 +
internal_1	ERBB3	1.0	gain	ERBB3 +
internal_1	ATP5B	1.0	gain	ATP5B +
internal_1	PRIM1	1.0	gain	PRIM1 +
internal_1	MBD6	1.0	gain	MBD6 +
internal_1	KIF5A	1.0	gain	KIF5A +
internal_1	ARHGEF25	1.0	gain	ARHGEF25 +
internal_1	METTL1	1.0	gain	METTL1 +
internal_1	LRIG3	1.0	gain	LRIG3 +
internal_1	USP15	1.0	gain	USP15 +
internal_1	XPOT	1.0	gain	XPOT +
internal_1	DYRK2	1.0	gain	DYRK2 +
internal_1	RAP1B	1.0	gain	RAP1B +
internal_1	CPSF6	1.0	gain	CPSF6 +
internal_1	YEATS4	1.0	gain	YEATS4 +
internal_1	CCT2	1.0	gain	CCT2 +
internal_1	RAB3IP	1.0	gain	RAB3IP +
internal_1	KCNMB4	1.0	gain	KCNMB4 +
internal_1	NAV3	1.0	gain	NAV3 +
internal_1	PAWR	1.0	gain	PAWR +
internal_1	MYF6	1.0	gain	MYF6 +
internal_1	MYF5	1.0	gain	MYF5 +
internal_1	ACSS3	1.0	gain	ACSS3 +
internal_1	PPFIA2	1.0	gain	PPFIA2 +
internal_1	TMTC2	1.0	gain	TMTC2 +
internal_1	MGAT4C	1.0	gain	MGAT4C +
internal_1	CEP290	1.0	gain	CEP290 +
internal_1	TMTC3	1.0	gain	TMTC3 +
internal_1	LUM	1.0	gain	LUM +
internal_1	DCN	1.0	gain	DCN +
internal_1	SOCS2	1.0	gain	SOCS2 +
internal_1	FGD6	1.0	gain	FGD6 +
internal_1	NTN4	1.0	gain	NTN4 +
internal_1	CCDC38	1.0	gain	CCDC38 +
internal_1	CDK17	1.0	gain	CDK17 +
internal_1	TMPO	1.0	gain	TMPO +
internal_1	UHRF1BP1L	1.0	gain	UHRF1BP1L +
internal_1	ACTR6	1.0	gain	ACTR6 +
internal_1	ANO4	1.0	gain	ANO4 +
internal_1	SLC5A8	1.0	gain	SLC5A8 +
internal_1	GNPTAB	1.0	gain	GNPTAB +
internal_1	TXNRD1	1.0	gain	TXNRD1 +
internal_1	EID3	1.0	gain	EID3 +
internal_1	CHST11	1.0	gain	CHST11 +
internal_1	ALDH1L2	1.0	gain	ALDH1L2 +
internal_1	APPL2	1.0	gain	APPL2 +
internal_1	RIC8B	1.0	gain	RIC8B +
internal_1	BTBD11	1.0	gain	BTBD11 +
internal_1	DAO	1.0	gain	DAO +
internal_1	TCHP	1.0	gain	TCHP +
internal_1	RAD9B	1.0	gain	RAD9B +
internal_1	ATXN2	1.0	gain	ATXN2 +
internal_1	NAA25	1.0	gain	NAA25 +
internal_1	PTPN11	1.0	gain	PTPN11 +
internal_1	DTX1	1.0	gain	DTX1 +
internal_1	TBX3	1.0	gain	TBX3 +
internal_1	CCDC60	1.0	gain	CCDC60 +
internal_1	MLEC	1.0	gain	MLEC +
internal_1	ACADS	1.0	gain	ACADS +
internal_1	SPPL3	1.0	gain	SPPL3 +
internal_1	HNF1A	1.0	gain	HNF1A +
internal_1	BCL7A	1.0	gain	BCL7A +
internal_1	RSRC2	1.0	gain	RSRC2 +
internal_1	ARL6IP4	1.0	gain	ARL6IP4 +
internal_1	SBNO1	1.0	gain	SBNO1 +
internal_1	CCDC92	1.0	gain	CCDC92 +
internal_1	NCOR2	1.0	gain	NCOR2 +
internal_1	POLE	1.0	gain	POLE +
internal_1	PXMP2	1.0	gain	PXMP2 +
internal_1	DACH1	1.0	gain	DACH1 +
internal_1	FBXL3	1.0	gain	FBXL3 +
internal_1	RNF219	1.0	gain	RNF219 +
internal_1	RBM26	1.0	gain	RBM26 +
internal_1	GPC6	1.0	gain	GPC6 +
internal_1	DCT	1.0	gain	DCT +
internal_1	SOX21	1.0	gain	SOX21 +
internal_1	CLDN10	1.0	gain	CLDN10 +
internal_1	CLYBL	1.0	gain	CLYBL +
internal_1	PCCA	1.0	gain	PCCA +
internal_1	NALCN	1.0	gain	NALCN +
internal_1	COL4A1	1.0	gain	COL4A1 +
internal_1	COL4A2	1.0	gain	COL4A2 +
internal_1	ING1	1.0	gain	ING1 +
internal_1	PARP2	1.0	gain	PARP2 +
internal_1	APEX1	1.0	gain	APEX1 +
internal_1	SUPT16H	1.0	gain	SUPT16H +
internal_1	CHD8	1.0	gain	CHD8 +
internal_1	METTL3	1.0	gain	METTL3 +
internal_1	AJUBA	1.0	gain	AJUBA +
internal_1	C14orf93	1.0	gain	C14orf93 +
internal_1	CDH24	1.0	gain	CDH24 +
internal_1	ACIN1	1.0	gain	ACIN1 +
internal_1	IL25	1.0	gain	IL25 +
internal_1	MYH6	1.0	gain	MYH6 +
internal_1	AP1G2	1.0	gain	AP1G2 +
internal_1	NFATC4	1.0	gain	NFATC4 +
internal_1	CBLN3	1.0	gain	CBLN3 +
internal_1	STXBP6	1.0	gain	STXBP6 +
internal_1	HECTD1	1.0	gain	HECTD1 +
internal_1	ARHGAP5	1.0	gain	ARHGAP5 +
internal_1	RALGAPA1	1.0	gain	RALGAPA1 +
internal_1	FOXA1	1.0	gain	FOXA1 +
internal_1	FANCM	1.0	gain	FANCM +
internal_1	MDGA2	1.0	gain	MDGA2 +
internal_1	MGAT2	1.0	gain	MGAT2 +
internal_1	POLE2	1.0	gain	POLE2 +
internal_1	MAP4K5	1.0	gain	MAP4K5 +
internal_1	SAV1	1.0	gain	SAV1 +
internal_1	GNG2	1.0	gain	GNG2 +
internal_1	SAMD4A	1.0	gain	SAMD4A +
internal_1	FBXO34	1.0	gain	FBXO34 +
internal_1	ATG14	1.0	gain	ATG14 +
internal_1	PSMA3	1.0	gain	PSMA3 +
internal_1	DAAM1	1.0	gain	DAAM1 +
internal_1	SIX6	1.0	gain	SIX6 +
internal_1	SNAPC1	1.0	gain	SNAPC1 +
internal_1	MAX	1.0	gain	MAX +
internal_1	PIGH	1.0	gain	PIGH +
internal_1	ZFP36L1	1.0	gain	ZFP36L1 +
internal_1	MED6	1.0	gain	MED6 +
internal_1	SIPA1L1	1.0	gain	SIPA1L1 +
internal_1	ACOT4	1.0	gain	ACOT4 +
internal_1	YLPM1	1.0	gain	YLPM1 +
internal_1	NEK9	1.0	gain	NEK9 +
internal_1	TMED10	1.0	gain	TMED10 +
internal_1	SEL1L	1.0	gain	SEL1L +
internal_1	FLRT2	1.0	gain	FLRT2 +
internal_1	EML5	1.0	gain	EML5 +
internal_1	CATSPERB	1.0	gain	CATSPERB +
internal_1	MOAP1	1.0	gain	MOAP1 +
internal_1	BTBD7	1.0	gain	BTBD7 +
internal_1	ASB2	1.0	gain	ASB2 +
internal_1	DICER1	1.0	gain	DICER1 +
internal_1	PPP2R5C	1.0	gain	PPP2R5C +
internal_1	RCOR1	1.0	gain	RCOR1 +
internal_1	TRAF3	1.0	gain	TRAF3 +
internal_1	MARK3	1.0	gain	MARK3 +
internal_1	PPP1R13B	1.0	gain	PPP1R13B +
internal_1	AKT1	1.0	gain	AKT1 +
internal_1	CDCA4	1.0	gain	CDCA4 +
internal_1	AXIN1	1.0	gain	AXIN1 +
internal_1	CACNA1H	1.0	gain	CACNA1H +
internal_1	NUBP2	1.0	gain	NUBP2 +
internal_1	HS3ST6	1.0	gain	HS3ST6 +
internal_1	GFER	1.0	gain	GFER +
internal_1	TSC2	1.0	gain	TSC2 +
internal_1	IL32	1.0	gain	IL32 +
internal_1	ZNF263	1.0	gain	ZNF263 +
internal_1	TIGD7	1.0	gain	TIGD7 +
internal_1	CREBBP	1.0	gain	CREBBP +
internal_1	SRL	1.0	gain	SRL +
internal_1	MKL2	1.0	gain	MKL2 +
internal_1	C16orf45	1.0	gain	C16orf45 +
internal_1	KIAA0430	1.0	gain	KIAA0430 +
internal_1	XYLT1	1.0	gain	XYLT1 +
internal_1	SMG1	1.0	gain	SMG1 +
internal_1	ACSM2B	1.0	gain	ACSM2B +
internal_1	ACSM3	1.0	gain	ACSM3 +
internal_1	HS3ST2	1.0	gain	HS3ST2 +
internal_1	GGA2	1.0	gain	GGA2 +
internal_1	PLK1	1.0	gain	PLK1 +
internal_1	CACNG3	1.0	gain	CACNG3 +
internal_1	RBBP6	1.0	gain	RBBP6 +
internal_1	TNRC6A	1.0	gain	TNRC6A +
internal_1	NSMCE1	1.0	gain	NSMCE1 +
internal_1	MAZ	1.0	gain	MAZ +
internal_1	INO80E	1.0	gain	INO80E +
internal_1	FAM57B	1.0	gain	FAM57B +
internal_1	GDPD3	1.0	gain	GDPD3 +
internal_1	ZNF768	1.0	gain	ZNF768 +
internal_1	BCL7C	1.0	gain	BCL7C +
internal_1	FBXL19	1.0	gain	FBXL19 +
internal_1	KAT8	1.0	gain	KAT8 +
internal_1	PYCARD	1.0	gain	PYCARD +
internal_1	TRIM72	1.0	gain	TRIM72 +
internal_1	C16orf87	1.0	gain	C16orf87 +
internal_1	ITFG1	1.0	gain	ITFG1 +
internal_1	BRD7	1.0	gain	BRD7 +
internal_1	CYLD	1.0	gain	CYLD +
internal_1	CHD9	1.0	gain	CHD9 +
internal_1	RBL2	1.0	gain	RBL2 +
internal_1	MT1G	1.0	gain	MT1G +
internal_1	NLRC5	1.0	gain	NLRC5 +
internal_1	COQ9	1.0	gain	COQ9 +
internal_1	POLR2C	1.0	gain	POLR2C +
internal_1	ZNF319	1.0	gain	ZNF319 +
internal_1	CNOT1	1.0	gain	CNOT1 +
internal_1	GOT2	1.0	gain	GOT2 +
internal_1	CDH11	1.0	gain	CDH11 +
internal_1	DYNC1LI2	1.0	gain	DYNC1LI2 +
internal_1	RRAD	1.0	gain	RRAD +
internal_1	CBFB	1.0	gain	CBFB +
internal_1	C16orf70	1.0	gain	C16orf70 +
internal_1	CTCF	1.0	gain	CTCF +
internal_1	C16orf86	1.0	gain	C16orf86 +
internal_1	PSKH1	1.0	gain	PSKH1 +
internal_1	PLA2G15	1.0	gain	PLA2G15 +
internal_1	CDH1	1.0	gain	CDH1 +
internal_1	CLEC18C	1.0	gain	CLEC18C +
internal_1	HPR	1.0	gain	HPR +
internal_1	ZFHX3	1.0	gain	ZFHX3 +
internal_1	GSE1	1.0	gain	GSE1 +
internal_1	ZC3H18	1.0	gain	ZC3H18 +
internal_1	GAS8	1.0	gain	GAS8 +
internal_1	ZNF878	1.0	gain	ZNF878 +
internal_1	ZNF844	1.0	gain	ZNF844 +
internal_1	ZNF136	1.0	gain	ZNF136 +
internal_1	ZNF563	1.0	gain	ZNF563 +
internal_1	ZNF442	1.0	gain	ZNF442 +
internal_1	ZNF799	1.0	gain	ZNF799 +
internal_1	ZNF333	1.0	gain	ZNF333 +
internal_1	OR7C1	1.0	gain	OR7C1 +
internal_1	CCDC105	1.0	gain	CCDC105 +
internal_1	NOTCH3	1.0	gain	NOTCH3 +
internal_1	CHERP	1.0	gain	CHERP +
internal_1	TMEM38A	1.0	gain	TMEM38A +
internal_1	HAUS8	1.0	gain	HAUS8 +
internal_1	PDE4C	1.0	gain	PDE4C +
internal_1	MEF2B	1.0	gain	MEF2B +
internal_1	ZNF101	1.0	gain	ZNF101 +
internal_1	ZNF208	1.0	gain	ZNF208 +
internal_1	ZNF676	1.0	gain	ZNF676 +
internal_1	ZNF492	1.0	gain	ZNF492 +
internal_1	ZNF91	1.0	gain	ZNF91 +
internal_1	NUDT19	1.0	gain	NUDT19 +
internal_1	CEBPA	1.0	gain	CEBPA +
internal_1	ZNF302	1.0	gain	ZNF302 +
internal_1	ZNF181	1.0	gain	ZNF181 +
internal_1	ATP4A	1.0	gain	ATP4A +
internal_1	RBM42	1.0	gain	RBM42 +
internal_1	KMT2B	1.0	gain	KMT2B +
internal_1	ARHGAP33	1.0	gain	ARHGAP33 +
internal_1	ZNF146	1.0	gain	ZNF146 +
internal_1	ZFP14	1.0	gain	ZFP14 +
internal_1	ZNF568	1.0	gain	ZNF568 +
internal_1	PSMC4	1.0	gain	PSMC4 +
internal_1	ZNF780A	1.0	gain	ZNF780A +
internal_1	CEACAM5	1.0	gain	CEACAM5 +
internal_1	CEACAM3	1.0	gain	CEACAM3 +
internal_1	CIC	1.0	gain	CIC +
internal_1	ZNF222	1.0	gain	ZNF222 +
internal_1	ZNF225	1.0	gain	ZNF225 +
internal_1	ZNF234	1.0	gain	ZNF234 +
internal_1	ZNF180	1.0	gain	ZNF180 +
internal_1	EXOC3L2	1.0	gain	EXOC3L2 +
internal_1	DMWD	1.0	gain	DMWD +
internal_1	IRF2BP1	1.0	gain	IRF2BP1 +
internal_1	ARHGAP35	1.0	gain	ARHGAP35 +
internal_1	GLTSCR1	1.0	gain	GLTSCR1 +
internal_1	RPL18	1.0	gain	RPL18 +
internal_1	BAX	1.0	gain	BAX +
internal_1	SCAF1	1.0	gain	SCAF1 +
internal_1	NAPSA	1.0	gain	NAPSA +
internal_1	SHANK1	1.0	gain	SHANK1 +
internal_1	KLK2	1.0	gain	KLK2 +
internal_1	KLK6	1.0	gain	KLK6 +
internal_1	KLK8	1.0	gain	KLK8 +
internal_1	ZNF836	1.0	gain	ZNF836 +
internal_1	PPP2R1A	1.0	gain	PPP2R1A +
internal_1	ZNF528	1.0	gain	ZNF528 +
internal_1	ZNF600	1.0	gain	ZNF600 +
internal_1	ZNF160	1.0	gain	ZNF160 +
internal_1	ZNF665	1.0	gain	ZNF665 +
internal_1	ZNF845	1.0	gain	ZNF845 +
internal_1	CNOT3	1.0	gain	CNOT3 +
internal_1	TTYH1	1.0	gain	TTYH1 +
internal_1	PPP6R1	1.0	gain	PPP6R1 +
internal_1	BRSK1	1.0	gain	BRSK1 +
internal_1	ZNF583	1.0	gain	ZNF583 +
internal_1	ZNF471	1.0	gain	ZNF471 +
internal_1	USP29	1.0	gain	USP29 +
internal_1	ZIM3	1.0	gain	ZIM3 +
internal_1	CSNK2A1	1.0	gain	CSNK2A1 +
internal_1	NSFL1C	1.0	gain	NSFL1C +
internal_1	PDYN	1.0	gain	PDYN +
internal_1	PTPRA	1.0	gain	PTPRA +
internal_1	ADAM33	1.0	gain	ADAM33 +
internal_1	SLC23A2	1.0	gain	SLC23A2 +
internal_1	SNAP25	1.0	gain	SNAP25 +
internal_1	KIF16B	1.0	gain	KIF16B +
internal_1	OVOL2	1.0	gain	OVOL2 +
internal_1	PAX1	1.0	gain	PAX1 +
internal_1	GGTLC1	1.0	gain	GGTLC1 +
internal_1	DEFB115	1.0	gain	DEFB115 +
internal_1	DEFB123	1.0	gain	DEFB123 +
internal_1	TPX2	1.0	gain	TPX2 +
internal_1	ASXL1	1.0	gain	ASXL1 +
internal_1	E2F1	1.0	gain	E2F1 +
internal_1	EIF2S2	1.0	gain	EIF2S2 +
internal_1	SPAG4	1.0	gain	SPAG4 +
internal_1	RBM39	1.0	gain	RBM39 +
internal_1	SAMHD1	1.0	gain	SAMHD1 +
internal_1	SRC	1.0	gain	SRC +
internal_1	TOP1	1.0	gain	TOP1 +
internal_1	PLCG1	1.0	gain	PLCG1 +
internal_1	TTPAL	1.0	gain	TTPAL +
internal_1	STK4	1.0	gain	STK4 +
internal_1	PI3	1.0	gain	PI3 +
internal_1	SEMG2	1.0	gain	SEMG2 +
internal_1	RBPJL	1.0	gain	RBPJL +
internal_1	SDC4	1.0	gain	SDC4 +
internal_1	EYA2	1.0	gain	EYA2 +
internal_1	ADNP	1.0	gain	ADNP +
internal_1	ATP9A	1.0	gain	ATP9A +
internal_1	DOK5	1.0	gain	DOK5 +
internal_1	CBLN4	1.0	gain	CBLN4 +
internal_1	RTFDC1	1.0	gain	RTFDC1 +
internal_1	SPO11	1.0	gain	SPO11 +
internal_1	CTCFL	1.0	gain	CTCFL +
internal_1	GNAS	1.0	gain	GNAS +
internal_1	SYCP2	1.0	gain	SYCP2 +
internal_1	PPP1R3D	1.0	gain	PPP1R3D +
internal_1	CDH4	1.0	gain	CDH4 +
internal_1	TAF4	1.0	gain	TAF4 +
internal_1	PSMA7	1.0	gain	PSMA7 +
internal_1	USP25	1.0	gain	USP25 +
internal_1	BTG3	1.0	gain	BTG3 +
internal_1	JAM2	1.0	gain	JAM2 +
internal_1	KRTAP19-1	1.0	gain	KRTAP19-1 +
internal_1	KRTAP19-2	1.0	gain	KRTAP19-2 +
internal_1	KRTAP20-2	1.0	gain	KRTAP20-2 +
internal_1	SCAF4	1.0	gain	SCAF4 +
internal_1	IFNGR2	1.0	gain	IFNGR2 +
internal_1	ITSN1	1.0	gain	ITSN1 +
internal_1	RUNX1	1.0	gain	RUNX1 +
internal_1	SETD4	1.0	gain	SETD4 +
internal_1	HLCS	1.0	gain	HLCS +
internal_1	DYRK1A	1.0	gain	DYRK1A +
internal_1	BRWD1	1.0	gain	BRWD1 +
internal_1	PLAC4	1.0	gain	PLAC4 +
internal_1	U2AF1	1.0	gain	U2AF1 +
internal_1	KRTAP12-4	1.0	gain	KRTAP12-4 +
internal_1	chr22q	0.9363456583346892	loss	22q -
internal_1	TFAM	1.0	loss	TFAM -
internal_1	ARID5B	1.0	loss	ARID5B -
internal_1	JMJD1C	1.0	loss	JMJD1C -
internal_1	HERC4	1.0	loss	HERC4 -
internal_1	RUFY2	1.0	loss	RUFY2 -
internal_1	CCAR1	1.0	loss	CCAR1 -
internal_1	ANXA7	1.0	loss	ANXA7 -
internal_1	SYNPO2L	1.0	loss	SYNPO2L -
internal_1	FUT11	1.0	loss	FUT11 -
internal_1	ZSWIM8	1.0	loss	ZSWIM8 -
internal_1	KAT6B	1.0	loss	KAT6B -
internal_1	NRG3	1.0	loss	NRG3 -
internal_1	PPP1R3C	1.0	loss	PPP1R3C -
internal_1	BTAF1	1.0	loss	BTAF1 -
internal_1	CCNJ	1.0	loss	CCNJ -
internal_1	TLL2	1.0	loss	TLL2 -
internal_1	TM9SF3	1.0	loss	TM9SF3 -
internal_1	R3HCC1L	1.0	loss	R3HCC1L -
internal_1	HPS1	1.0	loss	HPS1 -
internal_1	HPSE2	1.0	loss	HPSE2 -
internal_1	PAX2	1.0	loss	PAX2 -
internal_1	KCNIP2	1.0	loss	KCNIP2 -
internal_1	LDB1	1.0	loss	LDB1 -
internal_1	NFKB2	1.0	loss	NFKB2 -
internal_1	SUFU	1.0	loss	SUFU -
internal_1	SH3PXD2A	1.0	loss	SH3PXD2A -
internal_1	SLK	1.0	loss	SLK -
internal_1	GSTO2	1.0	loss	GSTO2 -
internal_1	SORCS1	1.0	loss	SORCS1 -
internal_1	TECTB	1.0	loss	TECTB -
internal_1	TCF7L2	1.0	loss	TCF7L2 -
internal_1	NRAP	1.0	loss	NRAP -
internal_1	ATRNL1	1.0	loss	ATRNL1 -
internal_1	CACUL1	1.0	loss	CACUL1 -
internal_1	PRDX3	1.0	loss	PRDX3 -
internal_1	FGFR2	1.0	loss	FGFR2 -
internal_1	C10orf88	1.0	loss	C10orf88 -
internal_1	IKZF5	1.0	loss	IKZF5 -
internal_1	CPXM2	1.0	loss	CPXM2 -
internal_1	MKI67	1.0	loss	MKI67 -
internal_1	ZMYM5	1.0	loss	ZMYM5 -
internal_1	ZMYM2	1.0	loss	ZMYM2 -
internal_1	ARVCF	1.0	loss	ARVCF -
internal_1	SNAP29	1.0	loss	SNAP29 -
internal_1	LZTR1	1.0	loss	LZTR1 -
internal_1	MAPK1	1.0	loss	MAPK1 -
internal_1	SMARCB1	1.0	loss	SMARCB1 -
internal_1	SGSM1	1.0	loss	SGSM1 -
internal_1	ADRBK2	1.0	loss	ADRBK2 -
internal_1	SEZ6L	1.0	loss	SEZ6L -
internal_1	TPST2	1.0	loss	TPST2 -
internal_1	ZNRF3	1.0	loss	ZNRF3 -
internal_1	NF2	1.0	loss	NF2 -
internal_1	EIF4ENIF1	1.0	loss	EIF4ENIF1 -
internal_1	DEPDC5	1.0	loss	DEPDC5 -
internal_1	RBFOX2	1.0	loss	RBFOX2 -
internal_1	GALR3	1.0	loss	GALR3 -
internal_1	CSNK1E	1.0	loss	CSNK1E -
internal_1	KDELR3	1.0	loss	KDELR3 -
internal_1	JOSD1	1.0	loss	JOSD1 -
internal_1	GTPBP1	1.0	loss	GTPBP1 -
internal_1	TNRC6B	1.0	loss	TNRC6B -
internal_1	MKL1	1.0	loss	MKL1 -
internal_1	EP300	1.0	loss	EP300 -
internal_1	POLDIP3	1.0	loss	POLDIP3 -
internal_1	ARFGAP3	1.0	loss	ARFGAP3 -
internal_1	LDOC1L	1.0	loss	LDOC1L -
internal_1	CERK	1.0	loss	CERK -
internal_1	NCAPH2	1.0	loss	NCAPH2 -
internal_1	MAPK8IP2	1.0	loss	MAPK8IP2 -
internal_2	chr3p	0.9990098899889989	gain	3p +
internal_2	chr8	0.9408934985443849	gain	8 +
internal_2	chr20p	0.9978647330960854	gain	20p +
internal_2	CNTN6	1.0	gain	CNTN6 +
internal_2	IL5RA	1.0	gain	IL5RA +
internal_2	THUMPD3	1.0	gain	THUMPD3 +
internal_2	CAMK1	1.0	gain	CAMK1 +
internal_2	VHL	1.0	gain	VHL +
internal_2	RAF1	1.0	gain	RAF1 +
internal_2	FBLN2	1.0	gain	FBLN2 +
internal_2	CHCHD4	1.0	gain	CHCHD4 +
internal_2	KAT2B	1.0	gain	KAT2B +
internal_2	TOP2B	1.0	gain	TOP2B +
internal_2	SLC4A7	1.0	gain	SLC4A7 +
internal_2	EOMES	1.0	gain	EOMES +
internal_2	TGFBR2	1.0	gain	TGFBR2 +
internal_2	CLASP2	1.0	gain	CLASP2 +
internal_2	ARPP21	1.0	gain	ARPP21 +
internal_2	STAC	1.0	gain	STAC +
internal_2	MLH1	1.0	gain	MLH1 +
internal_2	MYD88	1.0	gain	MYD88 +
internal_2	SCN5A	1.0	gain	SCN5A +
internal_2	SCN10A	1.0	gain	SCN10A +
internal_2	CTNNB1	1.0	gain	CTNNB1 +
internal_2	CYP8B1	1.0	gain	CYP8B1 +
internal_2	ZKSCAN7	1.0	gain	ZKSCAN7 +
internal_2	SETD2	1.0	gain	SETD2 +
internal_2	CDC25A	1.0	gain	CDC25A +
internal_2	DALRD3	1.0	gain	DALRD3 +
internal_2	KLHDC8B	1.0	gain	KLHDC8B +
internal_2	CCDC36	1.0	gain	CCDC36 +
internal_2	RHOA	1.0	gain	RHOA +
internal_2	NICN1	1.0	gain	NICN1 +
internal_2	RBM5	1.0	gain	RBM5 +
internal_2	RBM15B	1.0	gain	RBM15B +
internal_2	IQCF2	1.0	gain	IQCF2 +
internal_2	PCBP4	1.0	gain	PCBP4 +
internal_2	ACY1	1.0	gain	ACY1 +
internal_2	TLR9	1.0	gain	TLR9 +
internal_2	TWF2	1.0	gain	TWF2 +
internal_2	BAP1	1.0	gain	BAP1 +
internal_2	PBRM1	1.0	gain	PBRM1 +
internal_2	GLT8D1	1.0	gain	GLT8D1 +
internal_2	SPCS1	1.0	gain	SPCS1 +
internal_2	PRKCD	1.0	gain	PRKCD +
internal_2	CACNA1D	1.0	gain	CACNA1D +
internal_2	ERC2	1.0	gain	ERC2 +
internal_2	HESX1	1.0	gain	HESX1 +
internal_2	ARF4	1.0	gain	ARF4 +
internal_2	DENND6A	1.0	gain	DENND6A +
internal_2	PXK	1.0	gain	PXK +
internal_2	CADPS	1.0	gain	CADPS +
internal_2	PSMD6	1.0	gain	PSMD6 +
internal_2	FAM19A1	1.0	gain	FAM19A1 +
internal_2	ZNF717	1.0	gain	ZNF717 +
internal_2	ROBO2	1.0	gain	ROBO2 +
internal_2	GBE1	1.0	gain	GBE1 +
internal_2	ZNF654	1.0	gain	ZNF654 +
internal_2	EPHA3	1.0	gain	EPHA3 +
internal_2	EPHA6	1.0	gain	EPHA6 +
internal_2	OR5AC2	1.0	gain	OR5AC2 +
internal_2	TFG	1.0	gain	TFG +
internal_2	SENP7	1.0	gain	SENP7 +
internal_2	ZBTB11	1.0	gain	ZBTB11 +
internal_2	ZBTB20	1.0	gain	ZBTB20 +
internal_2	POGLUT1	1.0	gain	POGLUT1 +
internal_2	GSK3B	1.0	gain	GSK3B +
internal_2	GTF2E1	1.0	gain	GTF2E1 +
internal_2	STXBP5L	1.0	gain	STXBP5L +
internal_2	KPNA1	1.0	gain	KPNA1 +
internal_2	DIRC2	1.0	gain	DIRC2 +
internal_2	SEC22A	1.0	gain	SEC22A +
internal_2	KALRN	1.0	gain	KALRN +
internal_2	GATA2	1.0	gain	GATA2 +
internal_2	C3orf27	1.0	gain	C3orf27 +
internal_2	ISY1	1.0	gain	ISY1 +
internal_2	EPHB1	1.0	gain	EPHB1 +
internal_2	STAG1	1.0	gain	STAG1 +
internal_2	PIK3CB	1.0	gain	PIK3CB +
internal_2	RASA2	1.0	gain	RASA2 +
internal_2	TFDP2	1.0	gain	TFDP2 +
internal_2	ATR	1.0	gain	ATR +
internal_2	SLC9A9	1.0	gain	SLC9A9 +
internal_2	CPB1	1.0	gain	CPB1 +
internal_2	HPS3	1.0	gain	HPS3 +
internal_2	TSC22D2	1.0	gain	TSC22D2 +
internal_2	SIAH2	1.0	gain	SIAH2 +
internal_2	SUCNR1	1.0	gain	SUCNR1 +
internal_2	MBNL1	1.0	gain	MBNL1 +
internal_2	DHX36	1.0	gain	DHX36 +
internal_2	MME	1.0	gain	MME +
internal_2	RSRC1	1.0	gain	RSRC1 +
internal_2	MLF1	1.0	gain	MLF1 +
internal_2	SCHIP1	1.0	gain	SCHIP1 +
internal_2	SMC4	1.0	gain	SMC4 +
internal_2	TRIM59	1.0	gain	TRIM59 +
internal_2	KPNA4	1.0	gain	KPNA4 +
internal_2	B3GALNT1	1.0	gain	B3GALNT1 +
internal_2	NMD3	1.0	gain	NMD3 +
internal_2	BZW2	1.0	gain	BZW2 +
internal_2	AHR	1.0	gain	AHR +
internal_2	CDCA7L	1.0	gain	CDCA7L +
internal_2	STEAP1B	1.0	gain	STEAP1B +
internal_2	NFE2L3	1.0	gain	NFE2L3 +
internal_2	SKAP2	1.0	gain	SKAP2 +
internal_2	ZNRF2	1.0	gain	ZNRF2 +
internal_2	GGCT	1.0	gain	GGCT +
internal_2	NEUROD6	1.0	gain	NEUROD6 +
internal_2	AVL9	1.0	gain	AVL9 +
internal_2	NT5C3A	1.0	gain	NT5C3A +
internal_2	AOAH	1.0	gain	AOAH +
internal_2	ELMO1	1.0	gain	ELMO1 +
internal_2	GPR141	1.0	gain	GPR141 +
internal_2	SFRP4	1.0	gain	SFRP4 +
internal_2	INHBA	1.0	gain	INHBA +
internal_2	MRPL32	1.0	gain	MRPL32 +
internal_2	POLM	1.0	gain	POLM +
internal_2	PURB	1.0	gain	PURB +
internal_2	ZPBP	1.0	gain	ZPBP +
internal_2	VSTM2A	1.0	gain	VSTM2A +
internal_2	EGFR	1.0	gain	EGFR +
internal_2	SEPT14	1.0	gain	SEPT14 +
internal_2	GBAS	1.0	gain	GBAS +
internal_2	PSPH	1.0	gain	PSPH +
internal_2	ZNF479	1.0	gain	ZNF479 +
internal_2	ZNF117	1.0	gain	ZNF117 +
internal_2	GUSB	1.0	gain	GUSB +
internal_2	WBSCR17	1.0	gain	WBSCR17 +
internal_2	LAT2	1.0	gain	LAT2 +
internal_2	GTF2I	1.0	gain	GTF2I +
internal_2	NCF1	1.0	gain	NCF1 +
internal_2	SPDYE5	1.0	gain	SPDYE5 +
internal_2	PTPN12	1.0	gain	PTPN12 +
internal_2	MAGI2	1.0	gain	MAGI2 +
internal_2	HGF	1.0	gain	HGF +
internal_2	SEMA3A	1.0	gain	SEMA3A +
internal_2	ABCB1	1.0	gain	ABCB1 +
internal_2	ANKIB1	1.0	gain	ANKIB1 +
internal_2	PEX1	1.0	gain	PEX1 +
internal_2	HEPACAM2	1.0	gain	HEPACAM2 +
internal_2	COL1A2	1.0	gain	COL1A2 +
internal_2	PPP1R9A	1.0	gain	PPP1R9A +
internal_2	DYNC1I1	1.0	gain	DYNC1I1 +
internal_2	SLC25A13	1.0	gain	SLC25A13 +
internal_2	GJC3	1.0	gain	GJC3 +
internal_2	MCM7	1.0	gain	MCM7 +
internal_2	AP4M1	1.0	gain	AP4M1 +
internal_2	LAMTOR4	1.0	gain	LAMTOR4 +
internal_2	CUX1	1.0	gain	CUX1 +
internal_2	RELN	1.0	gain	RELN +
internal_2	KMT2E	1.0	gain	KMT2E +
internal_2	PUS7	1.0	gain	PUS7 +
internal_2	NAMPT	1.0	gain	NAMPT +
internal_2	CBLL1	1.0	gain	CBLL1 +
internal_2	SLC26A3	1.0	gain	SLC26A3 +
internal_2	MDFIC	1.0	gain	MDFIC +
internal_2	TES	1.0	gain	TES +
internal_2	WNT16	1.0	gain	WNT16 +
internal_2	RNF148	1.0	gain	RNF148 +
internal_2	SMO	1.0	gain	SMO +
internal_2	AHCYL2	1.0	gain	AHCYL2 +
internal_2	STRIP2	1.0	gain	STRIP2 +
internal_2	NRF1	1.0	gain	NRF1 +
internal_2	COPG2	1.0	gain	COPG2 +
internal_2	PLXNA4	1.0	gain	PLXNA4 +
internal_2	CSMD1	1.0	gain	CSMD1 +
internal_2	MCPH1	1.0	gain	MCPH1 +
internal_2	SPAG11A	1.0	gain	SPAG11A +
internal_2	XKR6	1.0	gain	XKR6 +
internal_2	TUSC3	1.0	gain	TUSC3 +
internal_2	MICU3	1.0	gain	MICU3 +
internal_2	PPP3CC	1.0	gain	PPP3CC +
internal_2	KIAA1967	1.0	gain	KIAA1967 +
internal_2	TNFRSF10C	1.0	gain	TNFRSF10C +
internal_2	EBF2	1.0	gain	EBF2 +
internal_2	PNOC	1.0	gain	PNOC +
internal_2	ZNF395	1.0	gain	ZNF395 +
internal_2	HMBOX1	1.0	gain	HMBOX1 +
internal_2	PPP2CB	1.0	gain	PPP2CB +
internal_2	LETM2	1.0	gain	LETM2 +
internal_2	KAT6A	1.0	gain	KAT6A +
internal_2	HOOK3	1.0	gain	HOOK3 +
internal_2	SNTG1	1.0	gain	SNTG1 +
internal_2	PCMTD1	1.0	gain	PCMTD1 +
internal_2	SOX17	1.0	gain	SOX17 +
internal_2	UBXN2B	1.0	gain	UBXN2B +
internal_2	TOX	1.0	gain	TOX +
internal_2	MYBL1	1.0	gain	MYBL1 +
internal_2	CPA6	1.0	gain	CPA6 +
internal_2	PREX2	1.0	gain	PREX2 +
internal_2	C8orf34	1.0	gain	C8orf34 +
internal_2	NCOA2	1.0	gain	NCOA2 +
internal_2	STAU2	1.0	gain	STAU2 +
internal_2	TMEM70	1.0	gain	TMEM70 +
internal_2	LY96	1.0	gain	LY96 +
internal_2	CRISPLD1	1.0	gain	CRISPLD1 +
internal_2	ZFHX4	1.0	gain	ZFHX4 +
internal_2	PEX2	1.0	gain	PEX2 +
internal_2	RALYL	1.0	gain	RALYL +
internal_2	E2F5	1.0	gain	E2F5 +
internal_2	SLC7A13	1.0	gain	SLC7A13 +
internal_2	WWP1	1.0	gain	WWP1 +
internal_2	CNBD1	1.0	gain	CNBD1 +
internal_2	NECAB1	1.0	gain	NECAB1 +
internal_2	TMEM55A	1.0	gain	TMEM55A +
internal_2	SLC26A7	1.0	gain	SLC26A7 +
internal_2	RUNX1T1	1.0	gain	RUNX1T1 +
internal_2	ESRP1	1.0	gain	ESRP1 +
internal_2	DPY19L4	1.0	gain	DPY19L4 +
internal_2	INTS8	1.0	gain	INTS8 +
internal_2	C8orf37	1.0	gain	C8orf37 +
internal_2	KCNS2	1.0	gain	KCNS2 +
internal_2	RGS22	1.0	gain	RGS22 +
internal_2	ANKRD46	1.0	gain	ANKRD46 +
internal_2	UBR5	1.0	gain	UBR5 +
internal_2	ODF1	1.0	gain	ODF1 +
internal_2	FZD6	1.0	gain	FZD6 +
internal_2	RIMS2	1.0	gain	RIMS2 +
internal_2	DPYS	1.0	gain	DPYS +
internal_2	LRP12	1.0	gain	LRP12 +
internal_2	OXR1	1.0	gain	OXR1 +
internal_2	RSPO2	1.0	gain	RSPO2 +
internal_2	KCNV1	1.0	gain	KCNV1 +
internal_2	CSMD3	1.0	gain	CSMD3 +
internal_2	TRPS1	1.0	gain	TRPS1 +
internal_2	RAD21	1.0	gain	RAD21 +
internal_2	COL14A1	1.0	gain	COL14A1 +
internal_2	HAS2	1.0	gain	HAS2 +
internal_2	ATAD2	1.0	gain	ATAD2 +
internal_2	MYC	1.0	gain	MYC +
internal_2	ASAP1	1.0	gain	ASAP1 +
internal_2	PHF20L1	1.0	gain	PHF20L1 +
internal_2	TFAM	1.0	gain	TFAM +
internal_2	ARID5B	1.0	gain	ARID5B +
internal_2	JMJD1C	1.0	gain	JMJD1C +
internal_2	HERC4	1.0	gain	HERC4 +
internal_2	RUFY2	1.0	gain	RUFY2 +
internal_2	CCAR1	1.0	gain	CCAR1 +
internal_2	ANXA7	1.0	gain	ANXA7 +
internal_2	SYNPO2L	1.0	gain	SYNPO2L +
internal_2	FUT11	1.0	gain	FUT11 +
internal_2	ZSWIM8	1.0	gain	ZSWIM8 +
internal_2	KAT6B	1.0	gain	KAT6B +
internal_2	NRG3	1.0	gain	NRG3 +
internal_2	GRID1	1.0	gain	GRID1 +
internal_2	ATAD1	1.0	gain	ATAD1 +
internal_2	PTEN	1.0	gain	PTEN +
internal_2	FAS	1.0	gain	FAS +
internal_2	KIF20B	1.0	gain	KIF20B +
internal_2	PPP1R3C	1.0	gain	PPP1R3C +
internal_2	BTAF1	1.0	gain	BTAF1 +
internal_2	CCNJ	1.0	gain	CCNJ +
internal_2	TLL2	1.0	gain	TLL2 +
internal_2	TM9SF3	1.0	gain	TM9SF3 +
internal_2	R3HCC1L	1.0	gain	R3HCC1L +
internal_2	HPS1	1.0	gain	HPS1 +
internal_2	HPSE2	1.0	gain	HPSE2 +
internal_2	PAX2	1.0	gain	PAX2 +
internal_2	KCNIP2	1.0	gain	KCNIP2 +
internal_2	LDB1	1.0	gain	LDB1 +
internal_2	NFKB2	1.0	gain	NFKB2 +
internal_2	SUFU	1.0	gain	SUFU +
internal_2	SH3PXD2A	1.0	gain	SH3PXD2A +
internal_2	SLK	1.0	gain	SLK +
internal_2	GSTO2	1.0	gain	GSTO2 +
internal_2	SORCS1	1.0	gain	SORCS1 +
internal_2	TECTB	1.0	gain	TECTB +
internal_2	TCF7L2	1.0	gain	TCF7L2 +
internal_2	NRAP	1.0	gain	NRAP +
internal_2	ATRNL1	1.0	gain	ATRNL1 +
internal_2	CACUL1	1.0	gain	CACUL1 +
internal_2	PRDX3	1.0	gain	PRDX3 +
internal_2	FGFR2	1.0	gain	FGFR2 +
internal_2	C10orf88	1.0	gain	C10orf88 +
internal_2	IKZF5	1.0	gain	IKZF5 +
internal_2	CPXM2	1.0	gain	CPXM2 +
internal_2	MKI67	1.0	gain	MKI67 +
internal_2	CSNK2A1	1.0	gain	CSNK2A1 +
internal_2	NSFL1C	1.0	gain	NSFL1C +
internal_2	PDYN	1.0	gain	PDYN +
internal_2	PTPRA	1.0	gain	PTPRA +
internal_2	ADAM33	1.0	gain	ADAM33 +
internal_2	SLC23A2	1.0	gain	SLC23A2 +
internal_2	SNAP25	1.0	gain	SNAP25 +
internal_2	KIF16B	1.0	gain	KIF16B +
internal_2	OVOL2	1.0	gain	OVOL2 +
internal_2	PAX1	1.0	gain	PAX1 +
internal_2	GGTLC1	1.0	gain	GGTLC1 +
internal_2	DEFB115	1.0	gain	DEFB115 +
internal_2	DEFB123	1.0	gain	DEFB123 +
internal_2	TPX2	1.0	gain	TPX2 +
internal_2	ASXL1	1.0	gain	ASXL1 +
internal_2	E2F1	1.0	gain	E2F1 +
internal_2	EIF2S2	1.0	gain	EIF2S2 +
internal_2	SPAG4	1.0	gain	SPAG4 +
internal_2	RBM39	1.0	gain	RBM39 +
internal_2	SAMHD1	1.0	gain	SAMHD1 +
internal_2	SRC	1.0	gain	SRC +
internal_2	TOP1	1.0	gain	TOP1 +
internal_2	PLCG1	1.0	gain	PLCG1 +
internal_2	TTPAL	1.0	gain	TTPAL +
internal_2	STK4	1.0	gain	STK4 +
internal_2	PI3	1.0	gain	PI3 +
internal_2	SEMG2	1.0	gain	SEMG2 +
internal_2	RBPJL	1.0	gain	RBPJL +
internal_2	SDC4	1.0	gain	SDC4 +
internal_2	EYA2	1.0	gain	EYA2 +
internal_2	ADNP	1.0	gain	ADNP +
internal_2	ATP9A	1.0	gain	ATP9A +
internal_2	FAT1	1.0	loss	FAT1 -
internal_2	DNAJC24	1.0	loss	DNAJC24 -
internal_2	WT1	1.0	loss	WT1 -
internal_2	QSER1	1.0	loss	QSER1 -
internal_2	API5	1.0	loss	API5 -
internal_2	C11orf94	1.0	loss	C11orf94 -
internal_2	AMBRA1	1.0	loss	AMBRA1 -
internal_2	KBTBD4	1.0	loss	KBTBD4 -
internal_2	TRIM48	1.0	loss	TRIM48 -
internal_2	OR5I1	1.0	loss	OR5I1 -
internal_2	OR5M3	1.0	loss	OR5M3 -
internal_2	CTNND1	1.0	loss	CTNND1 -
internal_2	STX3	1.0	loss	STX3 -
internal_2	MS4A8	1.0	loss	MS4A8 -
internal_2	EML3	1.0	loss	EML3 -
internal_2	GNG3	1.0	loss	GNG3 -
internal_2	HNRNPUL2	1.0	loss	HNRNPUL2 -
internal_2	STX5	1.0	loss	STX5 -
internal_2	RTN3	1.0	loss	RTN3 -
internal_2	MARK2	1.0	loss	MARK2 -
internal_2	RCOR2	1.0	loss	RCOR2 -
internal_2	STIP1	1.0	loss	STIP1 -
internal_2	VEGFB	1.0	loss	VEGFB -
internal_2	PLCB3	1.0	loss	PLCB3 -
internal_2	NRXN2	1.0	loss	NRXN2 -
internal_2	SF1	1.0	loss	SF1 -
internal_2	MEN1	1.0	loss	MEN1 -
internal_2	MRPL49	1.0	loss	MRPL49 -
internal_2	POLA2	1.0	loss	POLA2 -
internal_2	FIBP	1.0	loss	FIBP -
internal_2	BRMS1	1.0	loss	BRMS1 -
internal_2	CTSF	1.0	loss	CTSF -
internal_2	LRFN4	1.0	loss	LRFN4 -
internal_2	TBC1D10C	1.0	loss	TBC1D10C -
internal_2	MTL5	1.0	loss	MTL5 -
internal_2	ANO1	1.0	loss	ANO1 -
internal_2	DHCR7	1.0	loss	DHCR7 -
internal_2	INPPL1	1.0	loss	INPPL1 -
internal_2	DNAJB13	1.0	loss	DNAJB13 -
internal_2	POLD3	1.0	loss	POLD3 -
internal_2	UVRAG	1.0	loss	UVRAG -
internal_2	WNT11	1.0	loss	WNT11 -
internal_2	CAPN5	1.0	loss	CAPN5 -
internal_2	INTS4	1.0	loss	INTS4 -
internal_2	NDUFC2	1.0	loss	NDUFC2 -
internal_2	DLG2	1.0	loss	DLG2 -
internal_2	GRM5	1.0	loss	GRM5 -
IM_180	chr1q	0.9880531718242178	gain	1q +
IM_180	chr2p	0.9996805005324814	gain	2p +
IM_180	chr6p	0.9709029765886288	gain	6p +
IM_180	chr7q	0.9783772284644738	gain	7q +
IM_180	chr8q	1.0	gain	8q +
IM_180	chr10q	0.9349192470406262	gain	10q +
IM_180	chr16p	0.9119564673913043	gain	16p +
IM_180	SPEN	1.0	gain	SPEN +
IM_180	EPHA2	1.0	gain	EPHA2 +
IM_180	NBPF10	1.0	gain	NBPF10 +
IM_180	NOTCH2NL	1.0	gain	NOTCH2NL +
IM_180	BCL9	1.0	gain	BCL9 +
IM_180	NBPF9	1.0	gain	NBPF9 +
IM_180	HIST2H2BF	1.0	gain	HIST2H2BF +
IM_180	CTSK	1.0	gain	CTSK +
IM_180	SETDB1	1.0	gain	SETDB1 +
IM_180	MLLT11	1.0	gain	MLLT11 +
IM_180	ZNF687	1.0	gain	ZNF687 +
IM_180	POGZ	1.0	gain	POGZ +
IM_180	RAB13	1.0	gain	RAB13 +
IM_180	CHRNB2	1.0	gain	CHRNB2 +
IM_180	PYGO2	1.0	gain	PYGO2 +
IM_180	EFNA4	1.0	gain	EFNA4 +
IM_180	MTX1	1.0	gain	MTX1 +
IM_180	ASH1L	1.0	gain	ASH1L +
IM_180	RIT1	1.0	gain	RIT1 +
IM_180	KIAA0907	1.0	gain	KIAA0907 +
IM_180	MRPL24	1.0	gain	MRPL24 +
IM_180	ETV3	1.0	gain	ETV3 +
IM_180	CD5L	1.0	gain	CD5L +
IM_180	KIRREL	1.0	gain	KIRREL +
IM_180	CD1D	1.0	gain	CD1D +
IM_180	CD1A	1.0	gain	CD1A +
IM_180	SPTA1	1.0	gain	SPTA1 +
IM_180	KCNJ9	1.0	gain	KCNJ9 +
IM_180	ATP1A2	1.0	gain	ATP1A2 +
IM_180	ATP1A4	1.0	gain	ATP1A4 +
IM_180	VANGL2	1.0	gain	VANGL2 +
IM_180	CD84	1.0	gain	CD84 +
IM_180	SLAMF1	1.0	gain	SLAMF1 +
IM_180	NIT1	1.0	gain	NIT1 +
IM_180	MPZ	1.0	gain	MPZ +
IM_180	NUF2	1.0	gain	NUF2 +
IM_180	RXRG	1.0	gain	RXRG +
IM_180	BLZF1	1.0	gain	BLZF1 +
IM_180	SELP	1.0	gain	SELP +
IM_180	PRRX1	1.0	gain	PRRX1 +
IM_180	PRRC2C	1.0	gain	PRRC2C +
IM_180	ZBTB37	1.0	gain	ZBTB37 +
IM_180	ASTN1	1.0	gain	ASTN1 +
IM_180	RASAL2	1.0	gain	RASAL2 +
IM_180	ABL2	1.0	gain	ABL2 +
IM_180	TOR1AIP1	1.0	gain	TOR1AIP1 +
IM_180	XPR1	1.0	gain	XPR1 +
IM_180	MR1	1.0	gain	MR1 +
IM_180	CACNA1E	1.0	gain	CACNA1E +
IM_180	RNF2	1.0	gain	RNF2 +
IM_180	IVNS1ABP	1.0	gain	IVNS1ABP +
IM_180	HMCN1	1.0	gain	HMCN1 +
IM_180	CDC73	1.0	gain	CDC73 +
IM_180	B3GALT2	1.0	gain	B3GALT2 +
IM_180	KCNT2	1.0	gain	KCNT2 +
IM_180	CFHR4	1.0	gain	CFHR4 +
IM_180	C1orf53	1.0	gain	C1orf53 +
IM_180	IGFN1	1.0	gain	IGFN1 +
IM_180	ELF3	1.0	gain	ELF3 +
IM_180	UBE2T	1.0	gain	UBE2T +
IM_180	PPP1R12B	1.0	gain	PPP1R12B +
IM_180	PPFIA4	1.0	gain	PPFIA4 +
IM_180	PLEKHA6	1.0	gain	PLEKHA6 +
IM_180	NFASC	1.0	gain	NFASC +
IM_180	NUCKS1	1.0	gain	NUCKS1 +
IM_180	AVPR1B	1.0	gain	AVPR1B +
IM_180	CR1	1.0	gain	CR1 +
IM_180	PLXNA2	1.0	gain	PLXNA2 +
IM_180	IRF6	1.0	gain	IRF6 +
IM_180	SLC30A1	1.0	gain	SLC30A1 +
IM_180	INTS7	1.0	gain	INTS7 +
IM_180	NENF	1.0	gain	NENF +
IM_180	BATF3	1.0	gain	BATF3 +
IM_180	GPATCH2	1.0	gain	GPATCH2 +
IM_180	SPATA17	1.0	gain	SPATA17 +
IM_180	CAPN2	1.0	gain	CAPN2 +
IM_180	ENAH	1.0	gain	ENAH +
IM_180	TMEM63A	1.0	gain	TMEM63A +
IM_180	ACBD3	1.0	gain	ACBD3 +
IM_180	LIN9	1.0	gain	LIN9 +
IM_180	ZNF678	1.0	gain	ZNF678 +
IM_180	TRIM67	1.0	gain	TRIM67 +
IM_180	IRF2BP2	1.0	gain	IRF2BP2 +
IM_180	ARID4B	1.0	gain	ARID4B +
IM_180	GNG4	1.0	gain	GNG4 +
IM_180	GPR137B	1.0	gain	GPR137B +
IM_180	RYR2	1.0	gain	RYR2 +
IM_180	RGS7	1.0	gain	RGS7 +
IM_180	ZBTB18	1.0	gain	ZBTB18 +
IM_180	SCCPDH	1.0	gain	SCCPDH +
IM_180	OR2T35	1.0	gain	OR2T35 +
IM_180	MBOAT2	1.0	gain	MBOAT2 +
IM_180	IAH1	1.0	gain	IAH1 +
IM_180	TAF1B	1.0	gain	TAF1B +
IM_180	MYCN	1.0	gain	MYCN +
IM_180	GEN1	1.0	gain	GEN1 +
IM_180	PUM2	1.0	gain	PUM2 +
IM_180	DNMT3A	1.0	gain	DNMT3A +
IM_180	ASXL2	1.0	gain	ASXL2 +
IM_180	IFT172	1.0	gain	IFT172 +
IM_180	BRE	1.0	gain	BRE +
IM_180	FOSL2	1.0	gain	FOSL2 +
IM_180	ALK	1.0	gain	ALK +
IM_180	YIPF4	1.0	gain	YIPF4 +
IM_180	BIRC6	1.0	gain	BIRC6 +
IM_180	RASGRP3	1.0	gain	RASGRP3 +
IM_180	CRIM1	1.0	gain	CRIM1 +
IM_180	FEZ2	1.0	gain	FEZ2 +
IM_180	ARHGEF33	1.0	gain	ARHGEF33 +
IM_180	SOS1	1.0	gain	SOS1 +
IM_180	MAP4K3	1.0	gain	MAP4K3 +
IM_180	SLC8A1	1.0	gain	SLC8A1 +
IM_180	EML4	1.0	gain	EML4 +
IM_180	ZFP36L2	1.0	gain	ZFP36L2 +
IM_180	LRPPRC	1.0	gain	LRPPRC +
IM_180	PRKCE	1.0	gain	PRKCE +
IM_180	SOCS5	1.0	gain	SOCS5 +
IM_180	MSH2	1.0	gain	MSH2 +
IM_180	PPP1R21	1.0	gain	PPP1R21 +
IM_180	LHCGR	1.0	gain	LHCGR +
IM_180	CCDC88A	1.0	gain	CCDC88A +
IM_180	UGP2	1.0	gain	UGP2 +
IM_180	SPRED2	1.0	gain	SPRED2 +
IM_180	PCBP1	1.0	gain	PCBP1 +
IM_180	TGFA	1.0	gain	TGFA +
IM_180	WBP1	1.0	gain	WBP1 +
IM_180	HK2	1.0	gain	HK2 +
IM_180	TACR1	1.0	gain	TACR1 +
IM_180	REG1A	1.0	gain	REG1A +
IM_180	KCMF1	1.0	gain	KCMF1 +
IM_180	KDM3A	1.0	gain	KDM3A +
IM_180	RNF103	1.0	gain	RNF103 +
IM_180	EIF2AK3	1.0	gain	EIF2AK3 +
IM_180	RPIA	1.0	gain	RPIA +
IM_180	ACVR2A	1.0	gain	ACVR2A +
IM_180	CACNB4	1.0	gain	CACNB4 +
IM_180	PRPF40A	1.0	gain	PRPF40A +
IM_180	NR4A2	1.0	gain	NR4A2 +
IM_180	PKP4	1.0	gain	PKP4 +
IM_180	BAZ2B	1.0	gain	BAZ2B +
IM_180	TBR1	1.0	gain	TBR1 +
IM_180	SCN3A	1.0	gain	SCN3A +
IM_180	LRP2	1.0	gain	LRP2 +
IM_180	CYBRD1	1.0	gain	CYBRD1 +
IM_180	SP3	1.0	gain	SP3 +
IM_180	SCRN3	1.0	gain	SCRN3 +
IM_180	WIPF1	1.0	gain	WIPF1 +
IM_180	HOXD9	1.0	gain	HOXD9 +
IM_180	NFE2L2	1.0	gain	NFE2L2 +
IM_180	OSBPL6	1.0	gain	OSBPL6 +
IM_180	PRKRA	1.0	gain	PRKRA +
IM_180	SESTD1	1.0	gain	SESTD1 +
IM_180	FSIP2	1.0	gain	FSIP2 +
IM_180	COL3A1	1.0	gain	COL3A1 +
IM_180	COL5A2	1.0	gain	COL5A2 +
IM_180	MYO1B	1.0	gain	MYO1B +
IM_180	HECW2	1.0	gain	HECW2 +
IM_180	ANKRD44	1.0	gain	ANKRD44 +
IM_180	SF3B1	1.0	gain	SF3B1 +
IM_180	PLCL1	1.0	gain	PLCL1 +
IM_180	SATB2	1.0	gain	SATB2 +
IM_180	CASP8	1.0	gain	CASP8 +
IM_180	BMPR2	1.0	gain	BMPR2 +
IM_180	PARD3B	1.0	gain	PARD3B +
IM_180	NRP2	1.0	gain	NRP2 +
IM_180	EEF1B2	1.0	gain	EEF1B2 +
IM_180	ADAM23	1.0	gain	ADAM23 +
IM_180	PLEKHM3	1.0	gain	PLEKHM3 +
IM_180	IDH1	1.0	gain	IDH1 +
IM_180	KANSL1L	1.0	gain	KANSL1L +
IM_180	CPS1	1.0	gain	CPS1 +
IM_180	ERBB4	1.0	gain	ERBB4 +
IM_180	FN1	1.0	gain	FN1 +
IM_180	AAMP	1.0	gain	AAMP +
IM_180	ZNF142	1.0	gain	ZNF142 +
IM_180	PRKAG3	1.0	gain	PRKAG3 +
IM_180	ABCB6	1.0	gain	ABCB6 +
IM_180	STK16	1.0	gain	STK16 +
IM_180	OBSL1	1.0	gain	OBSL1 +
IM_180	EPHA4	1.0	gain	EPHA4 +
IM_180	PAX3	1.0	gain	PAX3 +
IM_180	CUL3	1.0	gain	CUL3 +
IM_180	MFF	1.0	gain	MFF +
IM_180	DNER	1.0	gain	DNER +
IM_180	TRIP12	1.0	gain	TRIP12 +
IM_180	ITM2C	1.0	gain	ITM2C +
IM_180	GIGYF2	1.0	gain	GIGYF2 +
IM_180	ATG16L1	1.0	gain	ATG16L1 +
IM_180	ZNF717	1.0	gain	ZNF717 +
IM_180	EPHA6	1.0	gain	EPHA6 +
IM_180	OR5AC2	1.0	gain	OR5AC2 +
IM_180	TFG	1.0	gain	TFG +
IM_180	SENP7	1.0	gain	SENP7 +
IM_180	ZBTB11	1.0	gain	ZBTB11 +
IM_180	ZBTB20	1.0	gain	ZBTB20 +
IM_180	POGLUT1	1.0	gain	POGLUT1 +
IM_180	GSK3B	1.0	gain	GSK3B +
IM_180	GTF2E1	1.0	gain	GTF2E1 +
IM_180	FOXQ1	1.0	gain	FOXQ1 +
IM_180	NEDD9	1.0	gain	NEDD9 +
IM_180	MCUR1	1.0	gain	MCUR1 +
IM_180	FAM8A1	1.0	gain	FAM8A1 +
IM_180	MRS2	1.0	gain	MRS2 +
IM_180	HIST1H2AA	1.0	gain	HIST1H2AA +
IM_180	HIST1H3B	1.0	gain	HIST1H3B +
IM_180	HIST1H2BF	1.0	gain	HIST1H2BF +
IM_180	BTN3A2	1.0	gain	BTN3A2 +
IM_180	HLA-A	1.0	gain	HLA-A +
IM_180	HLA-B	1.0	gain	HLA-B +
IM_180	BAG6	1.0	gain	BAG6 +
IM_180	ABHD16A	1.0	gain	ABHD16A +
IM_180	STK19	1.0	gain	STK19 +
IM_180	PPT2	1.0	gain	PPT2 +
IM_180	RNF5	1.0	gain	RNF5 +
IM_180	HLA-DRA	1.0	gain	HLA-DRA +
IM_180	HLA-DRB1	1.0	gain	HLA-DRB1 +
IM_180	RXRB	1.0	gain	RXRB +
IM_180	LEMD2	1.0	gain	LEMD2 +
IM_180	ZNF76	1.0	gain	ZNF76 +
IM_180	STK38	1.0	gain	STK38 +
IM_180	CDKN1A	1.0	gain	CDKN1A +
IM_180	MDGA1	1.0	gain	MDGA1 +
IM_180	DNAH8	1.0	gain	DNAH8 +
IM_180	OARD1	1.0	gain	OARD1 +
IM_180	CCND3	1.0	gain	CCND3 +
IM_180	PRPH2	1.0	gain	PRPH2 +
IM_180	ZNF318	1.0	gain	ZNF318 +
IM_180	HSP90AB1	1.0	gain	HSP90AB1 +
IM_180	SLC35B2	1.0	gain	SLC35B2 +
IM_180	TMEM151B	1.0	gain	TMEM151B +
IM_180	DEFB114	1.0	gain	DEFB114 +
IM_180	DEFB113	1.0	gain	DEFB113 +
IM_180	TINAG	1.0	gain	TINAG +
IM_180	HCRTR2	1.0	gain	HCRTR2 +
IM_180	BMP5	1.0	gain	BMP5 +
IM_180	COL21A1	1.0	gain	COL21A1 +
IM_180	DST	1.0	gain	DST +
IM_180	ZNF451	1.0	gain	ZNF451 +
IM_180	AVL9	1.0	gain	AVL9 +
IM_180	NT5C3A	1.0	gain	NT5C3A +
IM_180	AOAH	1.0	gain	AOAH +
IM_180	ELMO1	1.0	gain	ELMO1 +
IM_180	GPR141	1.0	gain	GPR141 +
IM_180	SFRP4	1.0	gain	SFRP4 +
IM_180	INHBA	1.0	gain	INHBA +
IM_180	MRPL32	1.0	gain	MRPL32 +
IM_180	POLM	1.0	gain	POLM +
IM_180	PURB	1.0	gain	PURB +
IM_180	ZPBP	1.0	gain	ZPBP +
IM_180	VSTM2A	1.0	gain	VSTM2A +
IM_180	EGFR	1.0	gain	EGFR +
IM_180	SEPT14	1.0	gain	SEPT14 +
IM_180	GBAS	1.0	gain	GBAS +
IM_180	PSPH	1.0	gain	PSPH +
IM_180	ZNF479	1.0	gain	ZNF479 +
IM_180	ZNF117	1.0	gain	ZNF117 +
IM_180	GUSB	1.0	gain	GUSB +
IM_180	WBSCR17	1.0	gain	WBSCR17 +
IM_180	LAT2	1.0	gain	LAT2 +
IM_180	GTF2I	1.0	gain	GTF2I +
IM_180	NCF1	1.0	gain	NCF1 +
IM_180	SPDYE5	1.0	gain	SPDYE5 +
IM_180	PTPN12	1.0	gain	PTPN12 +
IM_180	MAGI2	1.0	gain	MAGI2 +
IM_180	HGF	1.0	gain	HGF +
IM_180	SEMA3A	1.0	gain	SEMA3A +
IM_180	ABCB1	1.0	gain	ABCB1 +
IM_180	ANKIB1	1.0	gain	ANKIB1 +
IM_180	PEX1	1.0	gain	PEX1 +
IM_180	HEPACAM2	1.0	gain	HEPACAM2 +
IM_180	COL1A2	1.0	gain	COL1A2 +
IM_180	PPP1R9A	1.0	gain	PPP1R9A +
IM_180	DYNC1I1	1.0	gain	DYNC1I1 +
IM_180	SLC25A13	1.0	gain	SLC25A13 +
IM_180	GJC3	1.0	gain	GJC3 +
IM_180	MCM7	1.0	gain	MCM7 +
IM_180	AP4M1	1.0	gain	AP4M1 +
IM_180	LAMTOR4	1.0	gain	LAMTOR4 +
IM_180	CUX1	1.0	gain	CUX1 +
IM_180	RELN	1.0	gain	RELN +
IM_180	KMT2E	1.0	gain	KMT2E +
IM_180	PUS7	1.0	gain	PUS7 +
IM_180	NAMPT	1.0	gain	NAMPT +
IM_180	CBLL1	1.0	gain	CBLL1 +
IM_180	SLC26A3	1.0	gain	SLC26A3 +
IM_180	MDFIC	1.0	gain	MDFIC +
IM_180	TES	1.0	gain	TES +
IM_180	WNT16	1.0	gain	WNT16 +
IM_180	RNF148	1.0	gain	RNF148 +
IM_180	SMO	1.0	gain	SMO +
IM_180	AHCYL2	1.0	gain	AHCYL2 +
IM_180	STRIP2	1.0	gain	STRIP2 +
IM_180	NRF1	1.0	gain	NRF1 +
IM_180	COPG2	1.0	gain	COPG2 +
IM_180	PLXNA4	1.0	gain	PLXNA4 +
IM_180	NUP205	1.0	gain	NUP205 +
IM_180	FAM180A	1.0	gain	FAM180A +
IM_180	PTN	1.0	gain	PTN +
IM_180	DGKI	1.0	gain	DGKI +
IM_180	ATP6V0A4	1.0	gain	ATP6V0A4 +
IM_180	UBN2	1.0	gain	UBN2 +
IM_180	LUC7L2	1.0	gain	LUC7L2 +
IM_180	MKRN1	1.0	gain	MKRN1 +
IM_180	BRAF	1.0	gain	BRAF +
IM_180	TRPV5	1.0	gain	TRPV5 +
IM_180	OR9A2	1.0	gain	OR9A2 +
IM_180	CLCN1	1.0	gain	CLCN1 +
IM_180	TPK1	1.0	gain	TPK1 +
IM_180	CUL1	1.0	gain	CUL1 +
IM_180	EZH2	1.0	gain	EZH2 +
IM_180	CHPF2	1.0	gain	CHPF2 +
IM_180	KMT2C	1.0	gain	KMT2C +
IM_180	CNPY1	1.0	gain	CNPY1 +
IM_180	LETM2	1.0	gain	LETM2 +
IM_180	KAT6A	1.0	gain	KAT6A +
IM_180	HOOK3	1.0	gain	HOOK3 +
IM_180	SNTG1	1.0	gain	SNTG1 +
IM_180	PCMTD1	1.0	gain	PCMTD1 +
IM_180	SOX17	1.0	gain	SOX17 +
IM_180	UBXN2B	1.0	gain	UBXN2B +
IM_180	TOX	1.0	gain	TOX +
IM_180	MYBL1	1.0	gain	MYBL1 +
IM_180	CPA6	1.0	gain	CPA6 +
IM_180	PREX2	1.0	gain	PREX2 +
IM_180	C8orf34	1.0	gain	C8orf34 +
IM_180	NCOA2	1.0	gain	NCOA2 +
IM_180	STAU2	1.0	gain	STAU2 +
IM_180	TMEM70	1.0	gain	TMEM70 +
IM_180	LY96	1.0	gain	LY96 +
IM_180	CRISPLD1	1.0	gain	CRISPLD1 +
IM_180	ZFHX4	1.0	gain	ZFHX4 +
IM_180	PEX2	1.0	gain	PEX2 +
IM_180	RALYL	1.0	gain	RALYL +
IM_180	E2F5	1.0	gain	E2F5 +
IM_180	SLC7A13	1.0	gain	SLC7A13 +
IM_180	WWP1	1.0	gain	WWP1 +
IM_180	CNBD1	1.0	gain	CNBD1 +
IM_180	NECAB1	1.0	gain	NECAB1 +
IM_180	TMEM55A	1.0	gain	TMEM55A +
IM_180	SLC26A7	1.0	gain	SLC26A7 +
IM_180	RUNX1T1	1.0	gain	RUNX1T1 +
IM_180	ESRP1	1.0	gain	ESRP1 +
IM_180	DPY19L4	1.0	gain	DPY19L4 +
IM_180	INTS8	1.0	gain	INTS8 +
IM_180	C8orf37	1.0	gain	C8orf37 +
IM_180	KCNS2	1.0	gain	KCNS2 +
IM_180	RGS22	1.0	gain	RGS22 +
IM_180	ANKRD46	1.0	gain	ANKRD46 +
IM_180	UBR5	1.0	gain	UBR5 +
IM_180	ODF1	1.0	gain	ODF1 +
IM_180	FZD6	1.0	gain	FZD6 +
IM_180	RIMS2	1.0	gain	RIMS2 +
IM_180	DPYS	1.0	gain	DPYS +
IM_180	LRP12	1.0	gain	LRP12 +
IM_180	OXR1	1.0	gain	OXR1 +
IM_180	RSPO2	1.0	gain	RSPO2 +
IM_180	KCNV1	1.0	gain	KCNV1 +
IM_180	CSMD3	1.0	gain	CSMD3 +
IM_180	TRPS1	1.0	gain	TRPS1 +
IM_180	RAD21	1.0	gain	RAD21 +
IM_180	COL14A1	1.0	gain	COL14A1 +
IM_180	HAS2	1.0	gain	HAS2 +
IM_180	ATAD2	1.0	gain	ATAD2 +
IM_180	MYC	1.0	gain	MYC +
IM_180	ASAP1	1.0	gain	ASAP1 +
IM_180	PHF20L1	1.0	gain	PHF20L1 +
IM_180	COL22A1	1.0	gain	COL22A1 +
IM_180	DENND3	1.0	gain	DENND3 +
IM_180	PSCA	1.0	gain	PSCA +
IM_180	LY6D	1.0	gain	LY6D +
IM_180	NRBP2	1.0	gain	NRBP2 +
IM_180	C8orf33	1.0	gain	C8orf33 +
IM_180	ZNF485	1.0	gain	ZNF485 +
IM_180	ZNF32	1.0	gain	ZNF32 +
IM_180	C10orf25	1.0	gain	C10orf25 +
IM_180	MARCH8	1.0	gain	MARCH8 +
IM_180	ZNF488	1.0	gain	ZNF488 +
IM_180	MAPK8	1.0	gain	MAPK8 +
IM_180	TFAM	1.0	gain	TFAM +
IM_180	ARID5B	1.0	gain	ARID5B +
IM_180	JMJD1C	1.0	gain	JMJD1C +
IM_180	HERC4	1.0	gain	HERC4 +
IM_180	RUFY2	1.0	gain	RUFY2 +
IM_180	CCAR1	1.0	gain	CCAR1 +
IM_180	ANXA7	1.0	gain	ANXA7 +
IM_180	SYNPO2L	1.0	gain	SYNPO2L +
IM_180	FUT11	1.0	gain	FUT11 +
IM_180	ZSWIM8	1.0	gain	ZSWIM8 +
IM_180	KAT6B	1.0	gain	KAT6B +
IM_180	NRG3	1.0	gain	NRG3 +
IM_180	GRID1	1.0	gain	GRID1 +
IM_180	ATAD1	1.0	gain	ATAD1 +
IM_180	PTEN	1.0	gain	PTEN +
IM_180	FAS	1.0	gain	FAS +
IM_180	KIF20B	1.0	gain	KIF20B +
IM_180	PPP1R3C	1.0	gain	PPP1R3C +
IM_180	BTAF1	1.0	gain	BTAF1 +
IM_180	CCNJ	1.0	gain	CCNJ +
IM_180	TLL2	1.0	gain	TLL2 +
IM_180	TM9SF3	1.0	gain	TM9SF3 +
IM_180	R3HCC1L	1.0	gain	R3HCC1L +
IM_180	HPS1	1.0	gain	HPS1 +
IM_180	HPSE2	1.0	gain	HPSE2 +
IM_180	PAX2	1.0	gain	PAX2 +
IM_180	KCNIP2	1.0	gain	KCNIP2 +
IM_180	LDB1	1.0	gain	LDB1 +
IM_180	NFKB2	1.0	gain	NFKB2 +
IM_180	SUFU	1.0	gain	SUFU +
IM_180	SH3PXD2A	1.0	gain	SH3PXD2A +
IM_180	SLK	1.0	gain	SLK +
IM_180	GSTO2	1.0	gain	GSTO2 +
IM_180	SORCS1	1.0	gain	SORCS1 +
IM_180	TECTB	1.0	gain	TECTB +
IM_180	TCF7L2	1.0	gain	TCF7L2 +
IM_180	NRAP	1.0	gain	NRAP +
IM_180	ATRNL1	1.0	gain	ATRNL1 +
IM_180	CACUL1	1.0	gain	CACUL1 +
IM_180	PRDX3	1.0	gain	PRDX3 +
IM_180	FGFR2	1.0	gain	FGFR2 +
IM_180	C10orf88	1.0	gain	C10orf88 +
IM_180	IKZF5	1.0	gain	IKZF5 +
IM_180	CPXM2	1.0	gain	CPXM2 +
IM_180	AXIN1	1.0	gain	AXIN1 +
IM_180	CACNA1H	1.0	gain	CACNA1H +
IM_180	NUBP2	1.0	gain	NUBP2 +
IM_180	HS3ST6	1.0	gain	HS3ST6 +
IM_180	GFER	1.0	gain	GFER +
IM_180	TSC2	1.0	gain	TSC2 +
IM_180	IL32	1.0	gain	IL32 +
IM_180	ZNF263	1.0	gain	ZNF263 +
IM_180	TIGD7	1.0	gain	TIGD7 +
IM_180	CREBBP	1.0	gain	CREBBP +
IM_180	SRL	1.0	gain	SRL +
IM_180	MKL2	1.0	gain	MKL2 +
IM_180	C16orf45	1.0	gain	C16orf45 +
IM_180	KIAA0430	1.0	gain	KIAA0430 +
IM_180	XYLT1	1.0	gain	XYLT1 +
IM_180	SMG1	1.0	gain	SMG1 +
IM_180	ACSM2B	1.0	gain	ACSM2B +
IM_180	ACSM3	1.0	gain	ACSM3 +
IM_180	HS3ST2	1.0	gain	HS3ST2 +
IM_180	GGA2	1.0	gain	GGA2 +
IM_180	PLK1	1.0	gain	PLK1 +
IM_180	CACNG3	1.0	gain	CACNG3 +
IM_180	RBBP6	1.0	gain	RBBP6 +
IM_180	TNRC6A	1.0	gain	TNRC6A +
IM_180	NSMCE1	1.0	gain	NSMCE1 +
IM_180	MAZ	1.0	gain	MAZ +
IM_180	INO80E	1.0	gain	INO80E +
IM_180	FAM57B	1.0	gain	FAM57B +
IM_180	GDPD3	1.0	gain	GDPD3 +
IM_180	ZNF768	1.0	gain	ZNF768 +
IM_180	BCL7C	1.0	gain	BCL7C +
IM_180	FBXL19	1.0	gain	FBXL19 +
IM_180	KAT8	1.0	gain	KAT8 +
IM_180	PYCARD	1.0	gain	PYCARD +
IM_180	TRIM72	1.0	gain	TRIM72 +
IM_180	C16orf87	1.0	gain	C16orf87 +
IM_180	ITFG1	1.0	gain	ITFG1 +
IM_180	BRD7	1.0	gain	BRD7 +
IM_180	CYLD	1.0	gain	CYLD +
IM_180	CHD9	1.0	gain	CHD9 +
IM_180	RBL2	1.0	gain	RBL2 +
IM_180	GSE1	1.0	gain	GSE1 +
IM_180	ZC3H18	1.0	gain	ZC3H18 +
IM_180	GAS8	1.0	gain	GAS8 +
IM_180	ZNF563	1.0	gain	ZNF563 +
IM_180	ZNF442	1.0	gain	ZNF442 +
IM_180	ZNF799	1.0	gain	ZNF799 +
IM_180	ZNF333	1.0	gain	ZNF333 +
IM_180	OR7C1	1.0	gain	OR7C1 +
IM_180	CCDC105	1.0	gain	CCDC105 +
IM_180	NOTCH3	1.0	gain	NOTCH3 +
IM_180	CHERP	1.0	gain	CHERP +
IM_180	TMEM38A	1.0	gain	TMEM38A +
IM_180	HAUS8	1.0	gain	HAUS8 +
IM_180	PDE4C	1.0	gain	PDE4C +
IM_180	MEF2B	1.0	gain	MEF2B +
IM_180	ZNF101	1.0	gain	ZNF101 +
IM_180	DEFB115	1.0	gain	DEFB115 +
IM_180	DEFB123	1.0	gain	DEFB123 +
IM_180	TPX2	1.0	gain	TPX2 +
IM_180	ASXL1	1.0	gain	ASXL1 +
IM_180	E2F1	1.0	gain	E2F1 +
IM_180	EIF2S2	1.0	gain	EIF2S2 +
IM_180	SPAG4	1.0	gain	SPAG4 +
IM_180	RBM39	1.0	gain	RBM39 +
IM_180	SAMHD1	1.0	gain	SAMHD1 +
IM_180	SRC	1.0	gain	SRC +
IM_180	TOP1	1.0	gain	TOP1 +
IM_180	PLCG1	1.0	gain	PLCG1 +
IM_180	TTPAL	1.0	gain	TTPAL +
IM_180	STK4	1.0	gain	STK4 +
IM_180	PI3	1.0	gain	PI3 +
IM_180	SEMG2	1.0	gain	SEMG2 +
IM_180	RBPJL	1.0	gain	RBPJL +
IM_180	SDC4	1.0	gain	SDC4 +
IM_180	EYA2	1.0	gain	EYA2 +
IM_180	chr9q	0.9889436539761421	loss	9q -
IM_180	chr14q	0.9416764898353828	loss	14q -
IM_180	NOTCH2	1.0	loss	NOTCH2 -
IM_180	MARCO	1.0	loss	MARCO -
IM_180	SGMS2	1.0	loss	SGMS2 -
IM_180	CFI	1.0	loss	CFI -
IM_180	LARP7	1.0	loss	LARP7 -
IM_180	UGT8	1.0	loss	UGT8 -
IM_180	METTL14	1.0	loss	METTL14 -
IM_180	PRDM5	1.0	loss	PRDM5 -
IM_180	IL21	1.0	loss	IL21 -
IM_180	FAT4	1.0	loss	FAT4 -
IM_180	MFSD8	1.0	loss	MFSD8 -
IM_180	PCDH18	1.0	loss	PCDH18 -
IM_180	NAA15	1.0	loss	NAA15 -
IM_180	CLGN	1.0	loss	CLGN -
IM_180	INPP4B	1.0	loss	INPP4B -
IM_180	HHIP	1.0	loss	HHIP -
IM_180	MMAA	1.0	loss	MMAA -
IM_180	POU4F2	1.0	loss	POU4F2 -
IM_180	LRBA	1.0	loss	LRBA -
IM_180	FBXW7	1.0	loss	FBXW7 -
IM_180	TIGD4	1.0	loss	TIGD4 -
IM_180	FGB	1.0	loss	FGB -
IM_180	RBM46	1.0	loss	RBM46 -
IM_180	GRIA2	1.0	loss	GRIA2 -
IM_180	ARL15	1.0	loss	ARL15 -
IM_180	DDX4	1.0	loss	DDX4 -
IM_180	MAP3K1	1.0	loss	MAP3K1 -
IM_180	PLK2	1.0	loss	PLK2 -
IM_180	TRIM23	1.0	loss	TRIM23 -
IM_180	PIK3R1	1.0	loss	PIK3R1 -
IM_180	TNPO1	1.0	loss	TNPO1 -
IM_180	PAPD4	1.0	loss	PAPD4 -
IM_180	MSH3	1.0	loss	MSH3 -
IM_180	RASGRF2	1.0	loss	RASGRF2 -
IM_180	RASA1	1.0	loss	RASA1 -
IM_180	MEF2C	1.0	loss	MEF2C -
IM_180	ARRDC3	1.0	loss	ARRDC3 -
IM_180	CAST	1.0	loss	CAST -
IM_180	FBXL17	1.0	loss	FBXL17 -
IM_180	EPB41L4A	1.0	loss	EPB41L4A -
IM_180	APC	1.0	loss	APC -
IM_180	SRP19	1.0	loss	SRP19 -
IM_180	ETV1	1.0	loss	ETV1 -
IM_180	CSMD1	1.0	loss	CSMD1 -
IM_180	MCPH1	1.0	loss	MCPH1 -
IM_180	SPAG11A	1.0	loss	SPAG11A -
IM_180	XKR6	1.0	loss	XKR6 -
IM_180	TUSC3	1.0	loss	TUSC3 -
IM_180	MICU3	1.0	loss	MICU3 -
IM_180	PPP3CC	1.0	loss	PPP3CC -
IM_180	KIAA1967	1.0	loss	KIAA1967 -
IM_180	TNFRSF10C	1.0	loss	TNFRSF10C -
IM_180	EBF2	1.0	loss	EBF2 -
IM_180	PNOC	1.0	loss	PNOC -
IM_180	ZNF395	1.0	loss	ZNF395 -
IM_180	HMBOX1	1.0	loss	HMBOX1 -
IM_180	PPP2CB	1.0	loss	PPP2CB -
IM_180	ZNF658	1.0	loss	ZNF658 -
IM_180	PGM5	1.0	loss	PGM5 -
IM_180	TJP2	1.0	loss	TJP2 -
IM_180	VPS13A	1.0	loss	VPS13A -
IM_180	NTRK2	1.0	loss	NTRK2 -
IM_180	DIRAS2	1.0	loss	DIRAS2 -
IM_180	PTPDC1	1.0	loss	PTPDC1 -
IM_180	NUTM2F	1.0	loss	NUTM2F -
IM_180	PTCH1	1.0	loss	PTCH1 -
IM_180	ZNF367	1.0	loss	ZNF367 -
IM_180	ALDOB	1.0	loss	ALDOB -
IM_180	KLF4	1.0	loss	KLF4 -
IM_180	PTPN3	1.0	loss	PTPN3 -
IM_180	PALM2	1.0	loss	PALM2 -
IM_180	LPAR1	1.0	loss	LPAR1 -
IM_180	OR2K2	1.0	loss	OR2K2 -
IM_180	NDUFA8	1.0	loss	NDUFA8 -
IM_180	RC3H2	1.0	loss	RC3H2 -
IM_180	NR6A1	1.0	loss	NR6A1 -
IM_180	PPP6C	1.0	loss	PPP6C -
IM_180	GAPVD1	1.0	loss	GAPVD1 -
IM_180	STXBP1	1.0	loss	STXBP1 -
IM_180	LCN2	1.0	loss	LCN2 -
IM_180	CIZ1	1.0	loss	CIZ1 -
IM_180	SPTAN1	1.0	loss	SPTAN1 -
IM_180	SH3GLB2	1.0	loss	SH3GLB2 -
IM_180	TOR1A	1.0	loss	TOR1A -
IM_180	GPR107	1.0	loss	GPR107 -
IM_180	FUBP3	1.0	loss	FUBP3 -
IM_180	AK8	1.0	loss	AK8 -
IM_180	GFI1B	1.0	loss	GFI1B -
IM_180	CEL	1.0	loss	CEL -
IM_180	COL5A1	1.0	loss	COL5A1 -
IM_180	NOTCH1	1.0	loss	NOTCH1 -
IM_180	RABL6	1.0	loss	RABL6 -
IM_180	CUL2	1.0	loss	CUL2 -
IM_180	DNAJC24	1.0	loss	DNAJC24 -
IM_180	API5	1.0	loss	API5 -
IM_180	C11orf94	1.0	loss	C11orf94 -
IM_180	AMBRA1	1.0	loss	AMBRA1 -
IM_180	STX3	1.0	loss	STX3 -
IM_180	MS4A8	1.0	loss	MS4A8 -
IM_180	EML3	1.0	loss	EML3 -
IM_180	GNG3	1.0	loss	GNG3 -
IM_180	HNRNPUL2	1.0	loss	HNRNPUL2 -
IM_180	STX5	1.0	loss	STX5 -
IM_180	RTN3	1.0	loss	RTN3 -
IM_180	MARK2	1.0	loss	MARK2 -
IM_180	RCOR2	1.0	loss	RCOR2 -
IM_180	STIP1	1.0	loss	STIP1 -
IM_180	VEGFB	1.0	loss	VEGFB -
IM_180	PLCB3	1.0	loss	PLCB3 -
IM_180	NRXN2	1.0	loss	NRXN2 -
IM_180	SF1	1.0	loss	SF1 -
IM_180	MEN1	1.0	loss	MEN1 -
IM_180	MRPL49	1.0	loss	MRPL49 -
IM_180	POLA2	1.0	loss	POLA2 -
IM_180	FIBP	1.0	loss	FIBP -
IM_180	BRMS1	1.0	loss	BRMS1 -
IM_180	CTSF	1.0	loss	CTSF -
IM_180	LRFN4	1.0	loss	LRFN4 -
IM_180	TBC1D10C	1.0	loss	TBC1D10C -
IM_180	MTL5	1.0	loss	MTL5 -
IM_180	ANO1	1.0	loss	ANO1 -
IM_180	DHCR7	1.0	loss	DHCR7 -
IM_180	INPPL1	1.0	loss	INPPL1 -
IM_180	DNAJB13	1.0	loss	DNAJB13 -
IM_180	POLD3	1.0	loss	POLD3 -
IM_180	UVRAG	1.0	loss	UVRAG -
IM_180	WNT11	1.0	loss	WNT11 -
IM_180	CAPN5	1.0	loss	CAPN5 -
IM_180	INTS4	1.0	loss	INTS4 -
IM_180	NDUFC2	1.0	loss	NDUFC2 -
IM_180	DLG2	1.0	loss	DLG2 -
IM_180	GRM5	1.0	loss	GRM5 -
IM_180	AMOTL1	1.0	loss	AMOTL1 -
IM_180	AJUBA	1.0	loss	AJUBA -
IM_180	C14orf93	1.0	loss	C14orf93 -
IM_180	CDH24	1.0	loss	CDH24 -
IM_180	ACIN1	1.0	loss	ACIN1 -
IM_180	IL25	1.0	loss	IL25 -
IM_180	MYH6	1.0	loss	MYH6 -
IM_180	AP1G2	1.0	loss	AP1G2 -
IM_180	NFATC4	1.0	loss	NFATC4 -
IM_180	CBLN3	1.0	loss	CBLN3 -
IM_180	STXBP6	1.0	loss	STXBP6 -
IM_180	HECTD1	1.0	loss	HECTD1 -
IM_180	ARHGAP5	1.0	loss	ARHGAP5 -
IM_180	RALGAPA1	1.0	loss	RALGAPA1 -
IM_180	FOXA1	1.0	loss	FOXA1 -
IM_180	FANCM	1.0	loss	FANCM -
IM_180	MDGA2	1.0	loss	MDGA2 -
IM_180	MGAT2	1.0	loss	MGAT2 -
IM_180	POLE2	1.0	loss	POLE2 -
IM_180	MAP4K5	1.0	loss	MAP4K5 -
IM_180	SAV1	1.0	loss	SAV1 -
IM_180	GNG2	1.0	loss	GNG2 -
IM_180	SAMD4A	1.0	loss	SAMD4A -
IM_180	FBXO34	1.0	loss	FBXO34 -
IM_180	ATG14	1.0	loss	ATG14 -
IM_180	PSMA3	1.0	loss	PSMA3 -
IM_180	DAAM1	1.0	loss	DAAM1 -
IM_180	SIX6	1.0	loss	SIX6 -
IM_180	SNAPC1	1.0	loss	SNAPC1 -
IM_180	MAX	1.0	loss	MAX -
IM_180	PIGH	1.0	loss	PIGH -
IM_180	ZFP36L1	1.0	loss	ZFP36L1 -
IM_180	MED6	1.0	loss	MED6 -
IM_180	SIPA1L1	1.0	loss	SIPA1L1 -
IM_180	ACOT4	1.0	loss	ACOT4 -
IM_180	YLPM1	1.0	loss	YLPM1 -
IM_180	NEK9	1.0	loss	NEK9 -
IM_180	TMED10	1.0	loss	TMED10 -
IM_180	SEL1L	1.0	loss	SEL1L -
IM_180	FLRT2	1.0	loss	FLRT2 -
IM_180	EML5	1.0	loss	EML5 -
IM_180	CATSPERB	1.0	loss	CATSPERB -
IM_180	MOAP1	1.0	loss	MOAP1 -
IM_180	BTBD7	1.0	loss	BTBD7 -
IM_180	ASB2	1.0	loss	ASB2 -
IM_180	DICER1	1.0	loss	DICER1 -
IM_180	PPP2R5C	1.0	loss	PPP2R5C -
IM_180	RCOR1	1.0	loss	RCOR1 -
IM_180	TRAF3	1.0	loss	TRAF3 -
IM_180	MARK3	1.0	loss	MARK3 -
IM_180	PPP1R13B	1.0	loss	PPP1R13B -
IM_180	AKT1	1.0	loss	AKT1 -
IM_180	CDCA4	1.0	loss	CDCA4 -
IM_180	MT1G	1.0	loss	MT1G -
IM_180	NLRC5	1.0	loss	NLRC5 -
IM_180	COQ9	1.0	loss	COQ9 -
IM_180	POLR2C	1.0	loss	POLR2C -
IM_180	ZNF319	1.0	loss	ZNF319 -
IM_180	CNOT1	1.0	loss	CNOT1 -
IM_180	GOT2	1.0	loss	GOT2 -
IM_180	SMAD2	1.0	loss	SMAD2 -
IM_180	ZBTB7C	1.0	loss	ZBTB7C -
IM_180	SMAD7	1.0	loss	SMAD7 -
IM_180	MBD1	1.0	loss	MBD1 -
IM_180	SMAD4	1.0	loss	SMAD4 -
IM_180	DCC	1.0	loss	DCC -
IM_180	TCF4	1.0	loss	TCF4 -
IM_180	TXNL1	1.0	loss	TXNL1 -
IM_180	WDR7	1.0	loss	WDR7 -
IM_180	MALT1	1.0	loss	MALT1 -
IM_180	CPLX4	1.0	loss	CPLX4 -
IM_180	CCBE1	1.0	loss	CCBE1 -
IM_180	BCL2	1.0	loss	BCL2 -
IM_180	CDH7	1.0	loss	CDH7 -
IM_180	DOK6	1.0	loss	DOK6 -
IM_180	CD226	1.0	loss	CD226 -
IM_180	NETO1	1.0	loss	NETO1 -
IM_180	NUDT19	1.0	loss	NUDT19 -
IM_180	CEBPA	1.0	loss	CEBPA -
IM_180	ZNF302	1.0	loss	ZNF302 -
IM_180	ZNF181	1.0	loss	ZNF181 -
IM_180	ATP4A	1.0	loss	ATP4A -
IM_180	RBM42	1.0	loss	RBM42 -
IM_180	KMT2B	1.0	loss	KMT2B -
IM_180	ARHGAP33	1.0	loss	ARHGAP33 -
IM_180	CEACAM5	1.0	loss	CEACAM5 -
IM_180	CEACAM3	1.0	loss	CEACAM3 -
IM_180	CIC	1.0	loss	CIC -
IM_180	ZNF222	1.0	loss	ZNF222 -
IM_180	ZNF225	1.0	loss	ZNF225 -
IM_180	ZNF234	1.0	loss	ZNF234 -
IM_180	ZNF180	1.0	loss	ZNF180 -
IM_180	EXOC3L2	1.0	loss	EXOC3L2 -
IM_180	DMWD	1.0	loss	DMWD -
IM_180	IRF2BP1	1.0	loss	IRF2BP1 -
IM_180	ARHGAP35	1.0	loss	ARHGAP35 -
IM_180	GLTSCR1	1.0	loss	GLTSCR1 -
IM_180	RPL18	1.0	loss	RPL18 -
IM_180	BAX	1.0	loss	BAX -
IM_180	SCAF1	1.0	loss	SCAF1 -
IM_180	NAPSA	1.0	loss	NAPSA -
IM_180	SHANK1	1.0	loss	SHANK1 -
IM_180	KLK2	1.0	loss	KLK2 -
IM_180	KLK6	1.0	loss	KLK6 -
IM_180	KLK8	1.0	loss	KLK8 -
IM_180	ZNF836	1.0	loss	ZNF836 -
IM_180	PPP2R1A	1.0	loss	PPP2R1A -
IM_180	ZNF528	1.0	loss	ZNF528 -
IM_180	ZNF600	1.0	loss	ZNF600 -
IM_180	ZNF160	1.0	loss	ZNF160 -
IM_180	ZNF665	1.0	loss	ZNF665 -
IM_180	ZNF845	1.0	loss	ZNF845 -
IM_180	CNOT3	1.0	loss	CNOT3 -
IM_180	TTYH1	1.0	loss	TTYH1 -
IM_180	PPP6R1	1.0	loss	PPP6R1 -
IM_180	BRSK1	1.0	loss	BRSK1 -
IM_180	ZNF583	1.0	loss	ZNF583 -
IM_180	ZNF471	1.0	loss	ZNF471 -
IM_180	USP29	1.0	loss	USP29 -
IM_180	ZIM3	1.0	loss	ZIM3 -
IM_182	ERCC3	1.0	gain	ERCC3 +
IM_182	IWS1	1.0	gain	IWS1 +
IM_182	WDR33	1.0	gain	WDR33 +
IM_182	HS6ST1	1.0	gain	HS6ST1 +
IM_182	MGAT5	1.0	gain	MGAT5 +
IM_182	RAB3GAP1	1.0	gain	RAB3GAP1 +
IM_182	ACVR2A	1.0	gain	ACVR2A +
IM_182	CACNB4	1.0	gain	CACNB4 +
IM_182	PRPF40A	1.0	gain	PRPF40A +
IM_182	NR4A2	1.0	gain	NR4A2 +
IM_182	PKP4	1.0	gain	PKP4 +
IM_182	BAZ2B	1.0	gain	BAZ2B +
IM_182	TBR1	1.0	gain	TBR1 +
IM_182	SCN3A	1.0	gain	SCN3A +
IM_182	LRP2	1.0	gain	LRP2 +
IM_182	CYBRD1	1.0	gain	CYBRD1 +
IM_182	SP3	1.0	gain	SP3 +
IM_182	SCRN3	1.0	gain	SCRN3 +
IM_182	WIPF1	1.0	gain	WIPF1 +
IM_182	HOXD9	1.0	gain	HOXD9 +
IM_182	NFE2L2	1.0	gain	NFE2L2 +
IM_182	OSBPL6	1.0	gain	OSBPL6 +
IM_182	PRKRA	1.0	gain	PRKRA +
IM_182	SESTD1	1.0	gain	SESTD1 +
IM_182	FSIP2	1.0	gain	FSIP2 +
IM_182	COL3A1	1.0	gain	COL3A1 +
IM_182	COL5A2	1.0	gain	COL5A2 +
IM_182	MYO1B	1.0	gain	MYO1B +
IM_182	HECW2	1.0	gain	HECW2 +
IM_182	ANKRD44	1.0	gain	ANKRD44 +
IM_182	SF3B1	1.0	gain	SF3B1 +
IM_182	PLCL1	1.0	gain	PLCL1 +
IM_182	SATB2	1.0	gain	SATB2 +
IM_182	CASP8	1.0	gain	CASP8 +
IM_182	BMPR2	1.0	gain	BMPR2 +
IM_182	PARD3B	1.0	gain	PARD3B +
IM_182	NRP2	1.0	gain	NRP2 +
IM_182	EEF1B2	1.0	gain	EEF1B2 +
IM_182	ADAM23	1.0	gain	ADAM23 +
IM_182	PLEKHM3	1.0	gain	PLEKHM3 +
IM_182	IDH1	1.0	gain	IDH1 +
IM_182	KANSL1L	1.0	gain	KANSL1L +
IM_182	CPS1	1.0	gain	CPS1 +
IM_182	ERBB4	1.0	gain	ERBB4 +
IM_182	FN1	1.0	gain	FN1 +
IM_182	AAMP	1.0	gain	AAMP +
IM_182	ZNF142	1.0	gain	ZNF142 +
IM_182	PRKAG3	1.0	gain	PRKAG3 +
IM_182	ABCB6	1.0	gain	ABCB6 +
IM_182	STK16	1.0	gain	STK16 +
IM_182	OBSL1	1.0	gain	OBSL1 +
IM_182	EPHA4	1.0	gain	EPHA4 +
IM_182	PAX3	1.0	gain	PAX3 +
IM_182	CUL3	1.0	gain	CUL3 +
IM_182	MFF	1.0	gain	MFF +
IM_182	DNER	1.0	gain	DNER +
IM_182	TRIP12	1.0	gain	TRIP12 +
IM_182	ITM2C	1.0	gain	ITM2C +
IM_182	GIGYF2	1.0	gain	GIGYF2 +
IM_182	ATG16L1	1.0	gain	ATG16L1 +
IM_182	SETD2	1.0	gain	SETD2 +
IM_182	CDC25A	1.0	gain	CDC25A +
IM_182	DALRD3	1.0	gain	DALRD3 +
IM_182	KLHDC8B	1.0	gain	KLHDC8B +
IM_182	CCDC36	1.0	gain	CCDC36 +
IM_182	RHOA	1.0	gain	RHOA +
IM_182	NICN1	1.0	gain	NICN1 +
IM_182	RBM5	1.0	gain	RBM5 +
IM_182	RBM15B	1.0	gain	RBM15B +
IM_182	NUP205	1.0	gain	NUP205 +
IM_182	FAM180A	1.0	gain	FAM180A +
IM_182	PTN	1.0	gain	PTN +
IM_182	DGKI	1.0	gain	DGKI +
IM_182	ATP6V0A4	1.0	gain	ATP6V0A4 +
IM_182	UBN2	1.0	gain	UBN2 +
IM_182	LUC7L2	1.0	gain	LUC7L2 +
IM_182	MKRN1	1.0	gain	MKRN1 +
IM_182	BRAF	1.0	gain	BRAF +
IM_182	TRPV5	1.0	gain	TRPV5 +
IM_182	OR9A2	1.0	gain	OR9A2 +
IM_182	CLCN1	1.0	gain	CLCN1 +
IM_182	TPK1	1.0	gain	TPK1 +
IM_182	CUL1	1.0	gain	CUL1 +
IM_182	EZH2	1.0	gain	EZH2 +
IM_182	CHPF2	1.0	gain	CHPF2 +
IM_182	KMT2C	1.0	gain	KMT2C +
IM_182	CNPY1	1.0	gain	CNPY1 +
IM_182	WT1	1.0	gain	WT1 +
IM_182	QSER1	1.0	gain	QSER1 +
IM_182	RALGAPA1	1.0	gain	RALGAPA1 +
IM_182	DYNC1LI2	1.0	gain	DYNC1LI2 +
IM_182	RRAD	1.0	gain	RRAD +
IM_182	CBFB	1.0	gain	CBFB +
IM_182	C16orf70	1.0	gain	C16orf70 +
IM_182	CTCF	1.0	gain	CTCF +
IM_182	C16orf86	1.0	gain	C16orf86 +
IM_182	PSKH1	1.0	gain	PSKH1 +
IM_182	PLA2G15	1.0	gain	PLA2G15 +
IM_182	CDH1	1.0	gain	CDH1 +
IM_182	CLEC18C	1.0	gain	CLEC18C +
IM_182	HPR	1.0	gain	HPR +
IM_182	ZFHX3	1.0	gain	ZFHX3 +
IM_182	GSE1	1.0	gain	GSE1 +
IM_182	ZC3H18	1.0	gain	ZC3H18 +
IM_182	ZNF563	1.0	gain	ZNF563 +
IM_182	ZNF442	1.0	gain	ZNF442 +
IM_182	ZNF799	1.0	gain	ZNF799 +
IM_182	ZNF333	1.0	gain	ZNF333 +
IM_182	OR7C1	1.0	gain	OR7C1 +
IM_182	CCDC105	1.0	gain	CCDC105 +
IM_182	NOTCH3	1.0	gain	NOTCH3 +
IM_182	CHERP	1.0	gain	CHERP +
IM_182	TMEM38A	1.0	gain	TMEM38A +
IM_182	HAUS8	1.0	gain	HAUS8 +
IM_182	PDE4C	1.0	gain	PDE4C +
IM_182	MEF2B	1.0	gain	MEF2B +
IM_182	ZNF101	1.0	gain	ZNF101 +
IM_182	chr9q	0.991459516568407	loss	9q -
IM_182	chr13q	0.9714475747454635	loss	13q -
IM_182	chr19q	1.0	loss	19q -
IM_182	ETV1	1.0	loss	ETV1 -
IM_182	BZW2	1.0	loss	BZW2 -
IM_182	AHR	1.0	loss	AHR -
IM_182	CDCA7L	1.0	loss	CDCA7L -
IM_182	STEAP1B	1.0	loss	STEAP1B -
IM_182	NFE2L3	1.0	loss	NFE2L3 -
IM_182	SKAP2	1.0	loss	SKAP2 -
IM_182	ZNRF2	1.0	loss	ZNRF2 -
IM_182	GGCT	1.0	loss	GGCT -
IM_182	NEUROD6	1.0	loss	NEUROD6 -
IM_182	ZNF658	1.0	loss	ZNF658 -
IM_182	PGM5	1.0	loss	PGM5 -
IM_182	TJP2	1.0	loss	TJP2 -
IM_182	VPS13A	1.0	loss	VPS13A -
IM_182	NTRK2	1.0	loss	NTRK2 -
IM_182	DIRAS2	1.0	loss	DIRAS2 -
IM_182	PTPDC1	1.0	loss	PTPDC1 -
IM_182	NUTM2F	1.0	loss	NUTM2F -
IM_182	PTCH1	1.0	loss	PTCH1 -
IM_182	ZNF367	1.0	loss	ZNF367 -
IM_182	ALDOB	1.0	loss	ALDOB -
IM_182	KLF4	1.0	loss	KLF4 -
IM_182	PTPN3	1.0	loss	PTPN3 -
IM_182	PALM2	1.0	loss	PALM2 -
IM_182	LPAR1	1.0	loss	LPAR1 -
IM_182	OR2K2	1.0	loss	OR2K2 -
IM_182	NDUFA8	1.0	loss	NDUFA8 -
IM_182	RC3H2	1.0	loss	RC3H2 -
IM_182	NR6A1	1.0	loss	NR6A1 -
IM_182	PPP6C	1.0	loss	PPP6C -
IM_182	GAPVD1	1.0	loss	GAPVD1 -
IM_182	STXBP1	1.0	loss	STXBP1 -
IM_182	LCN2	1.0	loss	LCN2 -
IM_182	CIZ1	1.0	loss	CIZ1 -
IM_182	SPTAN1	1.0	loss	SPTAN1 -
IM_182	SH3GLB2	1.0	loss	SH3GLB2 -
IM_182	TOR1A	1.0	loss	TOR1A -
IM_182	GPR107	1.0	loss	GPR107 -
IM_182	FUBP3	1.0	loss	FUBP3 -
IM_182	AK8	1.0	loss	AK8 -
IM_182	GFI1B	1.0	loss	GFI1B -
IM_182	CEL	1.0	loss	CEL -
IM_182	COL5A1	1.0	loss	COL5A1 -
IM_182	NOTCH1	1.0	loss	NOTCH1 -
IM_182	RABL6	1.0	loss	RABL6 -
IM_182	SGCG	1.0	loss	SGCG -
IM_182	TNFRSF19	1.0	loss	TNFRSF19 -
IM_182	MIPEP	1.0	loss	MIPEP -
IM_182	ATP12A	1.0	loss	ATP12A -
IM_182	PABPC3	1.0	loss	PABPC3 -
IM_182	LNX2	1.0	loss	LNX2 -
IM_182	FLT3	1.0	loss	FLT3 -
IM_182	PAN3	1.0	loss	PAN3 -
IM_182	UBL3	1.0	loss	UBL3 -
IM_182	MEDAG	1.0	loss	MEDAG -
IM_182	TEX26	1.0	loss	TEX26 -
IM_182	BRCA2	1.0	loss	BRCA2 -
IM_182	PDS5B	1.0	loss	PDS5B -
IM_182	DCLK1	1.0	loss	DCLK1 -
IM_182	POSTN	1.0	loss	POSTN -
IM_182	TRPC4	1.0	loss	TRPC4 -
IM_182	MRPS31	1.0	loss	MRPS31 -
IM_182	ELF1	1.0	loss	ELF1 -
IM_182	WBP4	1.0	loss	WBP4 -
IM_182	KBTBD7	1.0	loss	KBTBD7 -
IM_182	ENOX1	1.0	loss	ENOX1 -
IM_182	NUFIP1	1.0	loss	NUFIP1 -
IM_182	ZC3H13	1.0	loss	ZC3H13 -
IM_182	LCP1	1.0	loss	LCP1 -
IM_182	LRCH1	1.0	loss	LRCH1 -
IM_182	NUDT15	1.0	loss	NUDT15 -
IM_182	RB1	1.0	loss	RB1 -
IM_182	SETDB2	1.0	loss	SETDB2 -
IM_182	EBPL	1.0	loss	EBPL -
IM_182	RNASEH2B	1.0	loss	RNASEH2B -
IM_182	DACH1	1.0	loss	DACH1 -
IM_182	FBXL3	1.0	loss	FBXL3 -
IM_182	RNF219	1.0	loss	RNF219 -
IM_182	RBM26	1.0	loss	RBM26 -
IM_182	GPC6	1.0	loss	GPC6 -
IM_182	DCT	1.0	loss	DCT -
IM_182	SOX21	1.0	loss	SOX21 -
IM_182	CLDN10	1.0	loss	CLDN10 -
IM_182	CLYBL	1.0	loss	CLYBL -
IM_182	PCCA	1.0	loss	PCCA -
IM_182	NALCN	1.0	loss	NALCN -
IM_182	COL4A1	1.0	loss	COL4A1 -
IM_182	COL4A2	1.0	loss	COL4A2 -
IM_182	ING1	1.0	loss	ING1 -
IM_182	SUPT6H	1.0	loss	SUPT6H -
IM_182	TAOK1	1.0	loss	TAOK1 -
IM_182	BLMH	1.0	loss	BLMH -
IM_182	NF1	1.0	loss	NF1 -
IM_182	CCL8	1.0	loss	CCL8 -
IM_182	SLC35G3	1.0	loss	SLC35G3 -
IM_182	TAF15	1.0	loss	TAF15 -
IM_182	GGNBP2	1.0	loss	GGNBP2 -
IM_182	DUSP14	1.0	loss	DUSP14 -
IM_182	TBC1D3	1.0	loss	TBC1D3 -
IM_182	MED1	1.0	loss	MED1 -
IM_182	CDK12	1.0	loss	CDK12 -
IM_182	NEUROD2	1.0	loss	NEUROD2 -
IM_182	PPP1R1B	1.0	loss	PPP1R1B -
IM_182	ERBB2	1.0	loss	ERBB2 -
IM_182	THRA	1.0	loss	THRA -
IM_182	CASC3	1.0	loss	CASC3 -
IM_182	KRT222	1.0	loss	KRT222 -
IM_182	KRTAP1-3	1.0	loss	KRTAP1-3 -
IM_182	KRTAP4-7	1.0	loss	KRTAP4-7 -
IM_182	KRTAP4-11	1.0	loss	KRTAP4-11 -
IM_182	KRTAP4-6	1.0	loss	KRTAP4-6 -
IM_182	KRTAP4-5	1.0	loss	KRTAP4-5 -
IM_182	KRTAP9-8	1.0	loss	KRTAP9-8 -
IM_182	KRT13	1.0	loss	KRT13 -
IM_182	KRT15	1.0	loss	KRT15 -
IM_182	STAT3	1.0	loss	STAT3 -
IM_182	PSMC3IP	1.0	loss	PSMC3IP -
IM_182	RUNDC1	1.0	loss	RUNDC1 -
IM_182	BRCA1	1.0	loss	BRCA1 -
IM_182	TMEM106A	1.0	loss	TMEM106A -
IM_182	GPATCH8	1.0	loss	GPATCH8 -
IM_182	ACBD4	1.0	loss	ACBD4 -
IM_182	ARHGAP27	1.0	loss	ARHGAP27 -
IM_182	KANSL1	1.0	loss	KANSL1 -
IM_182	NUDT19	1.0	loss	NUDT19 -
IM_182	CEBPA	1.0	loss	CEBPA -
IM_182	ZNF302	1.0	loss	ZNF302 -
IM_182	ZNF181	1.0	loss	ZNF181 -
IM_182	ATP4A	1.0	loss	ATP4A -
IM_182	RBM42	1.0	loss	RBM42 -
IM_182	KMT2B	1.0	loss	KMT2B -
IM_182	ARHGAP33	1.0	loss	ARHGAP33 -
IM_182	ZNF146	1.0	loss	ZNF146 -
IM_182	ZFP14	1.0	loss	ZFP14 -
IM_182	ZNF568	1.0	loss	ZNF568 -
IM_182	PSMC4	1.0	loss	PSMC4 -
IM_182	ZNF780A	1.0	loss	ZNF780A -
IM_182	CEACAM5	1.0	loss	CEACAM5 -
IM_182	CEACAM3	1.0	loss	CEACAM3 -
IM_182	CIC	1.0	loss	CIC -
IM_182	ZNF222	1.0	loss	ZNF222 -
IM_182	ZNF225	1.0	loss	ZNF225 -
IM_182	ZNF234	1.0	loss	ZNF234 -
IM_182	ZNF180	1.0	loss	ZNF180 -
IM_182	EXOC3L2	1.0	loss	EXOC3L2 -
IM_182	DMWD	1.0	loss	DMWD -
IM_182	IRF2BP1	1.0	loss	IRF2BP1 -
IM_182	ARHGAP35	1.0	loss	ARHGAP35 -
IM_182	GLTSCR1	1.0	loss	GLTSCR1 -
IM_182	RPL18	1.0	loss	RPL18 -
IM_182	BAX	1.0	loss	BAX -
IM_182	SCAF1	1.0	loss	SCAF1 -
IM_182	NAPSA	1.0	loss	NAPSA -
IM_182	SHANK1	1.0	loss	SHANK1 -
IM_182	KLK2	1.0	loss	KLK2 -
IM_182	KLK6	1.0	loss	KLK6 -
IM_182	KLK8	1.0	loss	KLK8 -
IM_182	ZNF836	1.0	loss	ZNF836 -
IM_182	PPP2R1A	1.0	loss	PPP2R1A -
IM_182	ZNF528	1.0	loss	ZNF528 -
IM_182	ZNF600	1.0	loss	ZNF600 -
IM_182	ZNF160	1.0	loss	ZNF160 -
IM_182	ZNF665	1.0	loss	ZNF665 -
IM_182	ZNF845	1.0	loss	ZNF845 -
IM_182	CNOT3	1.0	loss	CNOT3 -
IM_182	TTYH1	1.0	loss	TTYH1 -
IM_182	PPP6R1	1.0	loss	PPP6R1 -
IM_182	BRSK1	1.0	loss	BRSK1 -
IM_182	ZNF583	1.0	loss	ZNF583 -
IM_182	ZNF471	1.0	loss	ZNF471 -
IM_182	USP29	1.0	loss	USP29 -
IM_182	ZIM3	1.0	loss	ZIM3 -
IM_182	EYA2	1.0	loss	EYA2 -
IM_182	ADNP	1.0	loss	ADNP -
IM_182	ATP9A	1.0	loss	ATP9A -
IM_229	ARHGAP29	1.0	gain	ARHGAP29 +
IM_229	NBPF10	1.0	gain	NBPF10 +
IM_229	NOTCH2NL	1.0	gain	NOTCH2NL +
IM_229	BCL9	1.0	gain	BCL9 +
IM_229	NBPF9	1.0	gain	NBPF9 +
IM_229	HIST2H2BF	1.0	gain	HIST2H2BF +
IM_229	CTSK	1.0	gain	CTSK +
IM_229	SETDB1	1.0	gain	SETDB1 +
IM_229	MLLT11	1.0	gain	MLLT11 +
IM_229	ZNF687	1.0	gain	ZNF687 +
IM_229	POGZ	1.0	gain	POGZ +
IM_229	PRRC2C	1.0	gain	PRRC2C +
IM_229	MBOAT2	1.0	gain	MBOAT2 +
IM_229	IAH1	1.0	gain	IAH1 +
IM_229	TAF1B	1.0	gain	TAF1B +
IM_229	MYCN	1.0	gain	MYCN +
IM_229	GEN1	1.0	gain	GEN1 +
IM_229	PUM2	1.0	gain	PUM2 +
IM_229	DNMT3A	1.0	gain	DNMT3A +
IM_229	ASXL2	1.0	gain	ASXL2 +
IM_229	IFT172	1.0	gain	IFT172 +
IM_229	BRE	1.0	gain	BRE +
IM_229	FOSL2	1.0	gain	FOSL2 +
IM_229	ALK	1.0	gain	ALK +
IM_229	YIPF4	1.0	gain	YIPF4 +
IM_229	BIRC6	1.0	gain	BIRC6 +
IM_229	RASGRP3	1.0	gain	RASGRP3 +
IM_229	CRIM1	1.0	gain	CRIM1 +
IM_229	FEZ2	1.0	gain	FEZ2 +
IM_229	ARHGEF33	1.0	gain	ARHGEF33 +
IM_229	SOS1	1.0	gain	SOS1 +
IM_229	MAP4K3	1.0	gain	MAP4K3 +
IM_229	SLC8A1	1.0	gain	SLC8A1 +
IM_229	EML4	1.0	gain	EML4 +
IM_229	ZFP36L2	1.0	gain	ZFP36L2 +
IM_229	LRPPRC	1.0	gain	LRPPRC +
IM_229	PRKCE	1.0	gain	PRKCE +
IM_229	SOCS5	1.0	gain	SOCS5 +
IM_229	MSH2	1.0	gain	MSH2 +
IM_229	PPP1R21	1.0	gain	PPP1R21 +
IM_229	LHCGR	1.0	gain	LHCGR +
IM_229	CCDC88A	1.0	gain	CCDC88A +
IM_229	UGP2	1.0	gain	UGP2 +
IM_229	SPRED2	1.0	gain	SPRED2 +
IM_229	PCBP1	1.0	gain	PCBP1 +
IM_229	TGFA	1.0	gain	TGFA +
IM_229	WBP1	1.0	gain	WBP1 +
IM_229	HK2	1.0	gain	HK2 +
IM_229	TACR1	1.0	gain	TACR1 +
IM_229	REG1A	1.0	gain	REG1A +
IM_229	KCMF1	1.0	gain	KCMF1 +
IM_229	KDM3A	1.0	gain	KDM3A +
IM_229	RNF103	1.0	gain	RNF103 +
IM_229	EIF2AK3	1.0	gain	EIF2AK3 +
IM_229	RPIA	1.0	gain	RPIA +
IM_229	TMEM131	1.0	gain	TMEM131 +
IM_229	INPP4A	1.0	gain	INPP4A +
IM_229	TSGA10	1.0	gain	TSGA10 +
IM_229	WDR33	1.0	gain	WDR33 +
IM_229	HS6ST1	1.0	gain	HS6ST1 +
IM_229	MGAT5	1.0	gain	MGAT5 +
IM_229	RAB3GAP1	1.0	gain	RAB3GAP1 +
IM_229	ACVR2A	1.0	gain	ACVR2A +
IM_229	CACNB4	1.0	gain	CACNB4 +
IM_229	PRPF40A	1.0	gain	PRPF40A +
IM_229	NR4A2	1.0	gain	NR4A2 +
IM_229	PKP4	1.0	gain	PKP4 +
IM_229	BAZ2B	1.0	gain	BAZ2B +
IM_229	TBR1	1.0	gain	TBR1 +
IM_229	SCN3A	1.0	gain	SCN3A +
IM_229	LRP2	1.0	gain	LRP2 +
IM_229	CYBRD1	1.0	gain	CYBRD1 +
IM_229	SP3	1.0	gain	SP3 +
IM_229	SCRN3	1.0	gain	SCRN3 +
IM_229	WIPF1	1.0	gain	WIPF1 +
IM_229	HOXD9	1.0	gain	HOXD9 +
IM_229	NFE2L2	1.0	gain	NFE2L2 +
IM_229	OSBPL6	1.0	gain	OSBPL6 +
IM_229	PRKRA	1.0	gain	PRKRA +
IM_229	SESTD1	1.0	gain	SESTD1 +
IM_229	FSIP2	1.0	gain	FSIP2 +
IM_229	COL3A1	1.0	gain	COL3A1 +
IM_229	COL5A2	1.0	gain	COL5A2 +
IM_229	MYO1B	1.0	gain	MYO1B +
IM_229	HECW2	1.0	gain	HECW2 +
IM_229	ANKRD44	1.0	gain	ANKRD44 +
IM_229	SF3B1	1.0	gain	SF3B1 +
IM_229	PLCL1	1.0	gain	PLCL1 +
IM_229	SATB2	1.0	gain	SATB2 +
IM_229	CASP8	1.0	gain	CASP8 +
IM_229	BMPR2	1.0	gain	BMPR2 +
IM_229	PARD3B	1.0	gain	PARD3B +
IM_229	NRP2	1.0	gain	NRP2 +
IM_229	EEF1B2	1.0	gain	EEF1B2 +
IM_229	ADAM23	1.0	gain	ADAM23 +
IM_229	PLEKHM3	1.0	gain	PLEKHM3 +
IM_229	IDH1	1.0	gain	IDH1 +
IM_229	KANSL1L	1.0	gain	KANSL1L +
IM_229	CPS1	1.0	gain	CPS1 +
IM_229	ERBB4	1.0	gain	ERBB4 +
IM_229	FN1	1.0	gain	FN1 +
IM_229	AAMP	1.0	gain	AAMP +
IM_229	ZNF142	1.0	gain	ZNF142 +
IM_229	PRKAG3	1.0	gain	PRKAG3 +
IM_229	ABCB6	1.0	gain	ABCB6 +
IM_229	STK16	1.0	gain	STK16 +
IM_229	OBSL1	1.0	gain	OBSL1 +
IM_229	EPHA4	1.0	gain	EPHA4 +
IM_229	PAX3	1.0	gain	PAX3 +
IM_229	CUL3	1.0	gain	CUL3 +
IM_229	MFF	1.0	gain	MFF +
IM_229	ITM2C	1.0	gain	ITM2C +
IM_229	GIGYF2	1.0	gain	GIGYF2 +
IM_229	ATG16L1	1.0	gain	ATG16L1 +
IM_229	ING5	1.0	gain	ING5 +
IM_229	MUC20	1.0	gain	MUC20 +
IM_229	SDHA	1.0	gain	SDHA +
IM_229	TRIP13	1.0	gain	TRIP13 +
IM_229	ADAMTS16	1.0	gain	ADAMTS16 +
IM_229	ZNF608	1.0	gain	ZNF608 +
IM_229	MAP3K4	1.0	gain	MAP3K4 +
IM_229	SMO	1.0	gain	SMO +
IM_229	AHCYL2	1.0	gain	AHCYL2 +
IM_229	STRIP2	1.0	gain	STRIP2 +
IM_229	NRF1	1.0	gain	NRF1 +
IM_229	COPG2	1.0	gain	COPG2 +
IM_229	NUP205	1.0	gain	NUP205 +
IM_229	FAM180A	1.0	gain	FAM180A +
IM_229	PTN	1.0	gain	PTN +
IM_229	DGKI	1.0	gain	DGKI +
IM_229	ATP6V0A4	1.0	gain	ATP6V0A4 +
IM_229	UBN2	1.0	gain	UBN2 +
IM_229	LUC7L2	1.0	gain	LUC7L2 +
IM_229	MKRN1	1.0	gain	MKRN1 +
IM_229	BRAF	1.0	gain	BRAF +
IM_229	TRPV5	1.0	gain	TRPV5 +
IM_229	OR9A2	1.0	gain	OR9A2 +
IM_229	CLCN1	1.0	gain	CLCN1 +
IM_229	CUL1	1.0	gain	CUL1 +
IM_229	EZH2	1.0	gain	EZH2 +
IM_229	CHPF2	1.0	gain	CHPF2 +
IM_229	MICU3	1.0	gain	MICU3 +
IM_229	PSIP1	1.0	gain	PSIP1 +
IM_229	CCDC171	1.0	gain	CCDC171 +
IM_229	BNC2	1.0	gain	BNC2 +
IM_229	C10orf25	1.0	gain	C10orf25 +
IM_229	MARCH8	1.0	gain	MARCH8 +
IM_229	ZNF488	1.0	gain	ZNF488 +
IM_229	FAS	1.0	gain	FAS +
IM_229	KIF20B	1.0	gain	KIF20B +
IM_229	PDE3B	1.0	gain	PDE3B +
IM_229	WT1	1.0	gain	WT1 +
IM_229	QSER1	1.0	gain	QSER1 +
IM_229	KBTBD4	1.0	gain	KBTBD4 +
IM_229	TRIM48	1.0	gain	TRIM48 +
IM_229	OR5I1	1.0	gain	OR5I1 +
IM_229	OR5M3	1.0	gain	OR5M3 +
IM_229	CTNND1	1.0	gain	CTNND1 +
IM_229	STX3	1.0	gain	STX3 +
IM_229	MS4A8	1.0	gain	MS4A8 +
IM_229	EML3	1.0	gain	EML3 +
IM_229	GNG3	1.0	gain	GNG3 +
IM_229	HNRNPUL2	1.0	gain	HNRNPUL2 +
IM_229	STX5	1.0	gain	STX5 +
IM_229	RTN3	1.0	gain	RTN3 +
IM_229	MARK2	1.0	gain	MARK2 +
IM_229	RCOR2	1.0	gain	RCOR2 +
IM_229	STIP1	1.0	gain	STIP1 +
IM_229	VEGFB	1.0	gain	VEGFB +
IM_229	PLCB3	1.0	gain	PLCB3 +
IM_229	NRXN2	1.0	gain	NRXN2 +
IM_229	SF1	1.0	gain	SF1 +
IM_229	MEN1	1.0	gain	MEN1 +
IM_229	MRPL49	1.0	gain	MRPL49 +
IM_229	POLA2	1.0	gain	POLA2 +
IM_229	FIBP	1.0	gain	FIBP +
IM_229	BRMS1	1.0	gain	BRMS1 +
IM_229	CTSF	1.0	gain	CTSF +
IM_229	LRFN4	1.0	gain	LRFN4 +
IM_229	TBC1D10C	1.0	gain	TBC1D10C +
IM_229	MTL5	1.0	gain	MTL5 +
IM_229	ANO1	1.0	gain	ANO1 +
IM_229	DHCR7	1.0	gain	DHCR7 +
IM_229	INPPL1	1.0	gain	INPPL1 +
IM_229	DNAJB13	1.0	gain	DNAJB13 +
IM_229	POLD3	1.0	gain	POLD3 +
IM_229	UVRAG	1.0	gain	UVRAG +
IM_229	WNT11	1.0	gain	WNT11 +
IM_229	CAPN5	1.0	gain	CAPN5 +
IM_229	INTS4	1.0	gain	INTS4 +
IM_229	NDUFC2	1.0	gain	NDUFC2 +
IM_229	AMOTL1	1.0	gain	AMOTL1 +
IM_229	MAX	1.0	gain	MAX +
IM_229	ZFP36L1	1.0	gain	ZFP36L1 +
IM_229	DYNC1LI2	1.0	gain	DYNC1LI2 +
IM_229	RRAD	1.0	gain	RRAD +
IM_229	CBFB	1.0	gain	CBFB +
IM_229	C16orf70	1.0	gain	C16orf70 +
IM_229	CTCF	1.0	gain	CTCF +
IM_229	C16orf86	1.0	gain	C16orf86 +
IM_229	PSKH1	1.0	gain	PSKH1 +
IM_229	PLA2G15	1.0	gain	PLA2G15 +
IM_229	CDH1	1.0	gain	CDH1 +
IM_229	CLEC18C	1.0	gain	CLEC18C +
IM_229	HPR	1.0	gain	HPR +
IM_229	ZNF878	1.0	gain	ZNF878 +
IM_229	ZNF844	1.0	gain	ZNF844 +
IM_229	ZNF136	1.0	gain	ZNF136 +
IM_229	ZNF563	1.0	gain	ZNF563 +
IM_229	ZNF442	1.0	gain	ZNF442 +
IM_229	ZNF799	1.0	gain	ZNF799 +
IM_229	ZNF333	1.0	gain	ZNF333 +
IM_229	OR7C1	1.0	gain	OR7C1 +
IM_229	CCDC105	1.0	gain	CCDC105 +
IM_229	NOTCH3	1.0	gain	NOTCH3 +
IM_229	CHERP	1.0	gain	CHERP +
IM_229	TMEM38A	1.0	gain	TMEM38A +
IM_229	HAUS8	1.0	gain	HAUS8 +
IM_229	PDE4C	1.0	gain	PDE4C +
IM_229	MEF2B	1.0	gain	MEF2B +
IM_229	ZNF101	1.0	gain	ZNF101 +
IM_229	U2AF1	1.0	gain	U2AF1 +
IM_229	KRTAP12-4	1.0	gain	KRTAP12-4 +
IM_229	chr19q	0.9346034267294671	loss	19q -
IM_229	RGPD4	1.0	loss	RGPD4 -
IM_229	SULT1C3	1.0	loss	SULT1C3 -
IM_229	SULT1C4	1.0	loss	SULT1C4 -
IM_229	GCC2	1.0	loss	GCC2 -
IM_229	CPEB4	1.0	loss	CPEB4 -
IM_229	HMP19	1.0	loss	HMP19 -
IM_229	ZFP2	1.0	loss	ZFP2 -
IM_229	ZNF454	1.0	loss	ZNF454 -
IM_229	ETV1	1.0	loss	ETV1 -
IM_229	BZW2	1.0	loss	BZW2 -
IM_229	AHR	1.0	loss	AHR -
IM_229	CDCA7L	1.0	loss	CDCA7L -
IM_229	STEAP1B	1.0	loss	STEAP1B -
IM_229	NFE2L3	1.0	loss	NFE2L3 -
IM_229	SKAP2	1.0	loss	SKAP2 -
IM_229	ZNRF2	1.0	loss	ZNRF2 -
IM_229	GGCT	1.0	loss	GGCT -
IM_229	NEUROD6	1.0	loss	NEUROD6 -
IM_229	CSMD1	1.0	loss	CSMD1 -
IM_229	VPS13A	1.0	loss	VPS13A -
IM_229	NTRK2	1.0	loss	NTRK2 -
IM_229	DIRAS2	1.0	loss	DIRAS2 -
IM_229	PTPDC1	1.0	loss	PTPDC1 -
IM_229	NUTM2F	1.0	loss	NUTM2F -
IM_229	PTCH1	1.0	loss	PTCH1 -
IM_229	ZNF367	1.0	loss	ZNF367 -
IM_229	ALDOB	1.0	loss	ALDOB -
IM_229	KLF4	1.0	loss	KLF4 -
IM_229	PTPN3	1.0	loss	PTPN3 -
IM_229	PALM2	1.0	loss	PALM2 -
IM_229	LPAR1	1.0	loss	LPAR1 -
IM_229	OR2K2	1.0	loss	OR2K2 -
IM_229	NDUFA8	1.0	loss	NDUFA8 -
IM_229	RC3H2	1.0	loss	RC3H2 -
IM_229	NR6A1	1.0	loss	NR6A1 -
IM_229	PPP6C	1.0	loss	PPP6C -
IM_229	GAPVD1	1.0	loss	GAPVD1 -
IM_229	STXBP1	1.0	loss	STXBP1 -
IM_229	LCN2	1.0	loss	LCN2 -
IM_229	CIZ1	1.0	loss	CIZ1 -
IM_229	SPTAN1	1.0	loss	SPTAN1 -
IM_229	SH3GLB2	1.0	loss	SH3GLB2 -
IM_229	TOR1A	1.0	loss	TOR1A -
IM_229	GPR107	1.0	loss	GPR107 -
IM_229	FUBP3	1.0	loss	FUBP3 -
IM_229	AK8	1.0	loss	AK8 -
IM_229	GFI1B	1.0	loss	GFI1B -
IM_229	CEL	1.0	loss	CEL -
IM_229	COL5A1	1.0	loss	COL5A1 -
IM_229	NOTCH1	1.0	loss	NOTCH1 -
IM_229	RABL6	1.0	loss	RABL6 -
IM_229	AKR1C2	1.0	loss	AKR1C2 -
IM_229	SFMBT2	1.0	loss	SFMBT2 -
IM_229	ITIH5	1.0	loss	ITIH5 -
IM_229	TAF3	1.0	loss	TAF3 -
IM_229	GATA3	1.0	loss	GATA3 -
IM_229	ATAD1	1.0	loss	ATAD1 -
IM_229	PTEN	1.0	loss	PTEN -
IM_229	DTX1	1.0	loss	DTX1 -
IM_229	TBX3	1.0	loss	TBX3 -
IM_229	CCDC60	1.0	loss	CCDC60 -
IM_229	COL4A1	1.0	loss	COL4A1 -
IM_229	PPP2R5C	1.0	loss	PPP2R5C -
IM_229	CACNA1H	1.0	loss	CACNA1H -
IM_229	NUDT19	1.0	loss	NUDT19 -
IM_229	CEBPA	1.0	loss	CEBPA -
IM_229	ZNF302	1.0	loss	ZNF302 -
IM_229	ZNF181	1.0	loss	ZNF181 -
IM_229	ATP4A	1.0	loss	ATP4A -
IM_229	RBM42	1.0	loss	RBM42 -
IM_229	KMT2B	1.0	loss	KMT2B -
IM_229	ARHGAP33	1.0	loss	ARHGAP33 -
IM_229	ZNF146	1.0	loss	ZNF146 -
IM_229	ZFP14	1.0	loss	ZFP14 -
IM_229	ZNF568	1.0	loss	ZNF568 -
IM_229	PSMC4	1.0	loss	PSMC4 -
IM_229	ZNF780A	1.0	loss	ZNF780A -
IM_229	CEACAM5	1.0	loss	CEACAM5 -
IM_229	CEACAM3	1.0	loss	CEACAM3 -
IM_229	CIC	1.0	loss	CIC -
IM_229	ZNF222	1.0	loss	ZNF222 -
IM_229	ZNF225	1.0	loss	ZNF225 -
IM_229	ZNF234	1.0	loss	ZNF234 -
IM_229	ZNF180	1.0	loss	ZNF180 -
IM_229	EXOC3L2	1.0	loss	EXOC3L2 -
IM_229	DMWD	1.0	loss	DMWD -
IM_229	IRF2BP1	1.0	loss	IRF2BP1 -
IM_229	ARHGAP35	1.0	loss	ARHGAP35 -
IM_229	GLTSCR1	1.0	loss	GLTSCR1 -
IM_229	RPL18	1.0	loss	RPL18 -
IM_229	BAX	1.0	loss	BAX -
IM_229	SCAF1	1.0	loss	SCAF1 -
IM_229	NAPSA	1.0	loss	NAPSA -
IM_229	SHANK1	1.0	loss	SHANK1 -
IM_229	KLK2	1.0	loss	KLK2 -
IM_229	KLK6	1.0	loss	KLK6 -
IM_229	KLK8	1.0	loss	KLK8 -
IM_229	ZNF836	1.0	loss	ZNF836 -
IM_229	PPP2R1A	1.0	loss	PPP2R1A -
IM_229	ZNF528	1.0	loss	ZNF528 -
IM_229	ZNF600	1.0	loss	ZNF600 -
IM_229	ZNF160	1.0	loss	ZNF160 -
IM_229	ZNF665	1.0	loss	ZNF665 -
IM_229	ZNF845	1.0	loss	ZNF845 -
IM_229	CNOT3	1.0	loss	CNOT3 -
IM_229	TTYH1	1.0	loss	TTYH1 -
IM_229	PPP6R1	1.0	loss	PPP6R1 -
IM_229	BRSK1	1.0	loss	BRSK1 -
IM_229	ZNF583	1.0	loss	ZNF583 -
IM_229	ZNF471	1.0	loss	ZNF471 -
IM_229	USP29	1.0	loss	USP29 -
IM_229	ZIM3	1.0	loss	ZIM3 -
IM_229	TOP1	1.0	loss	TOP1 -
IM_229	PLCG1	1.0	loss	PLCG1 -
IM_229	EYA2	1.0	loss	EYA2 -
IM_229	ADNP	1.0	loss	ADNP -
IM_229	ATP9A	1.0	loss	ATP9A -
IM_229	DOK5	1.0	loss	DOK5 -
IM_229	CBLN4	1.0	loss	CBLN4 -
IM_229	RTFDC1	1.0	loss	RTFDC1 -
IM_229	SPO11	1.0	loss	SPO11 -
IM_229	CTCFL	1.0	loss	CTCFL -
IM_229	GNAS	1.0	loss	GNAS -
IM_229	SYCP2	1.0	loss	SYCP2 -
IM_229	PPP1R3D	1.0	loss	PPP1R3D -
IM_229	BRWD1	1.0	loss	BRWD1 -
